dataset,model,repeat,fold,n_train,n_test,ACC,BAL,F1,AUC,MCC,BRIER
BC,LR,0,0,512,57,0.9298245614035088,0.9344155844155844,0.9130434782608695,0.9922077922077921,0.8566790854748145,0.027437908157653824
BC,LR,0,1,512,57,0.9824561403508771,0.9857142857142858,0.9777777777777777,0.9987012987012986,0.9639463400956773,0.011565762703108936
BC,LR,0,2,512,57,0.9649122807017544,0.9722222222222222,0.9545454545454546,0.996031746031746,0.9286112429750731,0.022886741172380206
BC,LR,0,3,512,57,0.9649122807017544,0.9523809523809523,0.95,0.996031746031746,0.9258200997725514,0.03491339599607459
BC,LR,0,4,512,57,0.9824561403508771,0.9761904761904762,0.975609756097561,0.9775132275132274,0.962621902223779,0.02436007562396277
BC,LR,0,5,512,57,0.9473684210526315,0.9384920634920635,0.926829268292683,0.9907407407407407,0.8864143349643965,0.04254314383214185
BC,LR,0,6,512,57,1.0,1.0,1.0,1.0,1.0,0.004503265840841858
BC,LR,0,7,512,57,0.9649122807017544,0.9722222222222222,0.9545454545454546,1.0,0.9286112429750731,0.017773071610025504
BC,LR,0,8,512,57,0.9824561403508771,0.9761904761904762,0.975609756097561,0.996031746031746,0.962621902223779,0.01804461399826783
BC,LR,0,9,513,56,1.0,1.0,1.0,1.0,1.0,0.0031757737369089442
BC,LR,1,0,512,57,0.9824561403508771,0.9857142857142858,0.9777777777777777,0.9987012987012986,0.9639463400956773,0.014879313994171882
BC,LR,1,1,512,57,0.9824561403508771,0.9857142857142858,0.9777777777777777,1.0,0.9639463400956773,0.007292648132744455
BC,LR,1,2,512,57,0.9649122807017544,0.9623015873015872,0.9523809523809523,0.9894179894179894,0.9246031746031746,0.021750901604759926
BC,LR,1,3,512,57,0.9824561403508771,0.9861111111111112,0.9767441860465116,1.0,0.9633432944855655,0.009580315273652516
BC,LR,1,4,512,57,0.9824561403508771,0.9861111111111112,0.9767441860465116,1.0,0.9633432944855655,0.009040399837586583
BC,LR,1,5,512,57,0.9473684210526315,0.9384920634920635,0.926829268292683,0.966931216931217,0.8864143349643965,0.05193869380195032
BC,LR,1,6,512,57,0.9649122807017544,0.9623015873015872,0.9523809523809523,0.996031746031746,0.9246031746031746,0.02379780743902861
BC,LR,1,7,512,57,0.9824561403508771,0.9761904761904762,0.975609756097561,0.9986772486772486,0.962621902223779,0.013158068635015858
BC,LR,1,8,512,57,0.9649122807017544,0.9623015873015872,0.9523809523809523,0.9947089947089947,0.9246031746031746,0.023851372637731665
BC,LR,1,9,513,56,0.9821428571428571,0.9857142857142858,0.9767441860465116,1.0,0.9629500128629354,0.010420182760390001
BC,LR,2,0,512,57,0.9824561403508771,0.9857142857142858,0.9777777777777777,1.0,0.9639463400956773,0.010337734343116384
BC,LR,2,1,512,57,0.9649122807017544,0.9629870129870131,0.9545454545454546,0.9974025974025974,0.925974025974026,0.02163692985202448
BC,LR,2,2,512,57,1.0,1.0,1.0,1.0,1.0,0.012399709321350108
BC,LR,2,3,512,57,0.9473684210526315,0.9484126984126984,0.9302325581395349,0.9894179894179894,0.8886350389948482,0.03663994004635139
BC,LR,2,4,512,57,0.9649122807017544,0.9722222222222222,0.9545454545454546,0.9973544973544973,0.9286112429750731,0.017923773492702043
BC,LR,2,5,512,57,0.9824561403508771,0.9861111111111112,0.9767441860465116,1.0,0.9633432944855655,0.006816838414348817
BC,LR,2,6,512,57,0.9824561403508771,0.9761904761904762,0.975609756097561,0.9986772486772486,0.962621902223779,0.02082425655557198
BC,LR,2,7,512,57,0.9824561403508771,0.9761904761904762,0.975609756097561,0.9814814814814815,0.962621902223779,0.021678592593287967
BC,LR,2,8,512,57,0.9473684210526315,0.9384920634920635,0.926829268292683,0.9867724867724867,0.8864143349643965,0.03852663179685765
BC,LR,2,9,513,56,0.9642857142857143,0.9619047619047618,0.9523809523809523,0.998639455782313,0.9238095238095239,0.015550701948309851
BC,LR,3,0,512,57,0.9824561403508771,0.9857142857142858,0.9777777777777777,0.9987012987012986,0.9639463400956773,0.017135345469020583
BC,LR,3,1,512,57,0.9649122807017544,0.9629870129870131,0.9545454545454546,0.9948051948051948,0.925974025974026,0.023867687998717392
BC,LR,3,2,512,57,0.9824561403508771,0.9861111111111112,0.9767441860465116,1.0,0.9633432944855655,0.0062283618799857
BC,LR,3,3,512,57,0.9122807017543859,0.9007936507936507,0.8780487804878049,0.9801587301587301,0.810206767705014,0.042397811136446584
BC,LR,3,4,512,57,0.9824561403508771,0.9761904761904762,0.975609756097561,0.9973544973544973,0.962621902223779,0.025754918482039344
BC,LR,3,5,512,57,0.9824561403508771,0.9861111111111112,0.9767441860465116,0.9973544973544973,0.9633432944855655,0.016910216707378047
BC,LR,3,6,512,57,0.9473684210526315,0.9484126984126984,0.9302325581395349,0.9933862433862434,0.8886350389948482,0.03247103311061088
BC,LR,3,7,512,57,0.9649122807017544,0.9722222222222222,0.9545454545454546,1.0,0.9286112429750731,0.006474124549469311
BC,LR,3,8,512,57,1.0,1.0,1.0,1.0,1.0,0.00298288873275462
BC,LR,3,9,513,56,0.9821428571428571,0.9761904761904762,0.975609756097561,0.982312925170068,0.9622504486493763,0.021850632556743476
BC,LR,4,0,512,57,0.9649122807017544,0.9629870129870131,0.9545454545454546,0.9948051948051948,0.925974025974026,0.025833344262143353
BC,LR,4,1,512,57,1.0,1.0,1.0,1.0,1.0,0.00859497735421117
BC,LR,4,2,512,57,0.9473684210526315,0.9484126984126984,0.9302325581395349,0.9933862433862435,0.8886350389948482,0.026117077500490582
BC,LR,4,3,512,57,0.9824561403508771,0.9761904761904762,0.975609756097561,0.9788359788359788,0.962621902223779,0.01965975814184615
BC,LR,4,4,512,57,0.9649122807017544,0.9623015873015872,0.9523809523809523,0.9973544973544973,0.9246031746031746,0.03240017550832817
BC,LR,4,5,512,57,0.9473684210526315,0.9583333333333333,0.9333333333333333,0.9986772486772486,0.8955910525085281,0.019933298626720126
BC,LR,4,6,512,57,0.9824561403508771,0.9761904761904762,0.975609756097561,0.9947089947089947,0.962621902223779,0.024314548608228022
BC,LR,4,7,512,57,1.0,1.0,1.0,1.0,1.0,0.004942317396776532
BC,LR,4,8,512,57,0.9649122807017544,0.9623015873015872,0.9523809523809523,0.9933862433862435,0.9246031746031746,0.021514738020771824
BC,LR,4,9,513,56,1.0,1.0,1.0,1.0,1.0,0.010272200755490667
BC,RF,0,0,512,57,0.9649122807017544,0.9714285714285714,0.9565217391304348,0.9974025974025974,0.9296696802013683,0.03039122807017544
BC,RF,0,1,512,57,0.9649122807017544,0.9714285714285714,0.9565217391304348,1.0,0.9296696802013683,0.023226315789473685
BC,RF,0,2,512,57,0.9649122807017544,0.9722222222222222,0.9545454545454546,1.0,0.9286112429750731,0.021678947368421055
BC,RF,0,3,512,57,0.9473684210526315,0.9484126984126984,0.9302325581395349,0.9675925925925926,0.8886350389948482,0.06349649122807018
BC,RF,0,4,512,57,0.9473684210526315,0.9384920634920635,0.926829268292683,0.960978835978836,0.8864143349643965,0.0399438596491228
BC,RF,0,5,512,57,0.9649122807017544,0.9523809523809523,0.95,0.9973544973544973,0.9258200997725514,0.038750877192982466
BC,RF,0,6,512,57,0.9649122807017544,0.9722222222222222,0.9545454545454546,0.9953703703703703,0.9286112429750731,0.027778947368421056
BC,RF,0,7,512,57,0.9298245614035088,0.9444444444444444,0.9130434782608695,1.0,0.8640987597877147,0.025940350877192986
BC,RF,0,8,512,57,0.9473684210526315,0.9384920634920635,0.926829268292683,0.9794973544973545,0.8864143349643965,0.04113684210526316
BC,RF,0,9,513,56,1.0,1.0,1.0,1.0,1.0,0.010250000000000004
BC,RF,1,0,512,57,0.9824561403508771,0.9857142857142858,0.9777777777777777,1.0,0.9639463400956773,0.022080701754385968
BC,RF,1,1,512,57,0.9824561403508771,0.9857142857142858,0.9777777777777777,0.9961038961038962,0.9639463400956773,0.0219859649122807
BC,RF,1,2,512,57,0.9473684210526315,0.9484126984126984,0.9302325581395349,0.9973544973544973,0.8886350389948482,0.02409473684210526
BC,RF,1,3,512,57,0.9649122807017544,0.9623015873015872,0.9523809523809523,0.9953703703703703,0.9246031746031746,0.03389473684210527
BC,RF,1,4,512,57,0.9824561403508771,0.9861111111111112,0.9767441860465116,1.0,0.9633432944855655,0.015368421052631583
BC,RF,1,5,512,57,0.9473684210526315,0.9384920634920635,0.926829268292683,0.9801587301587301,0.8864143349643965,0.05069122807017543
BC,RF,1,6,512,57,0.9473684210526315,0.9384920634920635,0.926829268292683,0.9775132275132274,0.8864143349643965,0.04067543859649123
BC,RF,1,7,512,57,0.9824561403508771,0.9861111111111112,0.9767441860465116,0.9973544973544973,0.9633432944855655,0.021131578947368418
BC,RF,1,8,512,57,0.9298245614035088,0.9345238095238095,0.9090909090909091,0.9583333333333333,0.8544784126535336,0.05136666666666667
BC,RF,1,9,513,56,0.9464285714285714,0.9476190476190476,0.9302325581395349,0.9945578231292517,0.8874245216579992,0.033483928571428574
BC,RF,2,0,512,57,0.9649122807017544,0.9629870129870131,0.9545454545454546,0.9948051948051948,0.925974025974026,0.03374035087719298
BC,RF,2,1,512,57,0.9122807017543859,0.9032467532467532,0.8837209302325582,0.9538961038961038,0.8139267835041308,0.05846140350877193
BC,RF,2,2,512,57,0.9824561403508771,0.9861111111111112,0.9767441860465116,0.9993386243386243,0.9633432944855655,0.02567543859649123
BC,RF,2,3,512,57,0.9649122807017544,0.9722222222222222,0.9545454545454546,1.0,0.9286112429750731,0.021796491228070175
BC,RF,2,4,512,57,0.9824561403508771,0.9861111111111112,0.9767441860465116,1.0,0.9633432944855655,0.013585964912280701
BC,RF,2,5,512,57,0.9824561403508771,0.9861111111111112,0.9767441860465116,0.9986772486772487,0.9633432944855655,0.0213140350877193
BC,RF,2,6,512,57,0.9824561403508771,0.9761904761904762,0.975609756097561,0.9986772486772486,0.962621902223779,0.019349122807017546
BC,RF,2,7,512,57,0.9298245614035088,0.9246031746031746,0.9047619047619048,0.9801587301587301,0.8492063492063492,0.04184210526315789
BC,RF,2,8,512,57,0.9122807017543859,0.9206349206349206,0.8888888888888888,0.9748677248677248,0.8219277191853159,0.06032982456140351
BC,RF,2,9,513,56,0.9821428571428571,0.9857142857142858,0.9767441860465116,0.9972789115646259,0.9629500128629354,0.017876785714285717
BC,RF,3,0,512,57,0.9649122807017544,0.9629870129870131,0.9545454545454546,0.9974025974025974,0.925974025974026,0.029043859649122802
BC,RF,3,1,512,57,0.9473684210526315,0.9487012987012987,0.9333333333333333,0.9837662337662337,0.8904905361044291,0.044173684210526316
BC,RF,3,2,512,57,0.9473684210526315,0.9484126984126984,0.9302325581395349,0.9933862433862434,0.8886350389948482,0.02982982456140351
BC,RF,3,3,512,57,0.9122807017543859,0.9305555555555556,0.8936170212765957,0.9933862433862434,0.8339741126155059,0.040761403508771936
BC,RF,3,4,512,57,0.9649122807017544,0.9623015873015872,0.9523809523809523,0.9933862433862435,0.9246031746031746,0.03950526315789474
BC,RF,3,5,512,57,0.9824561403508771,0.9861111111111112,0.9767441860465116,1.0,0.9633432944855655,0.01851754385964912
BC,RF,3,6,512,57,0.9649122807017544,0.9523809523809523,0.95,0.9656084656084656,0.9258200997725514,0.04314736842105263
BC,RF,3,7,512,57,1.0,1.0,1.0,1.0,1.0,0.00970526315789474
BC,RF,3,8,512,57,0.9824561403508771,0.9861111111111112,0.9767441860465116,1.0,0.9633432944855655,0.011835087719298247
BC,RF,3,9,513,56,0.9464285714285714,0.9476190476190476,0.9302325581395349,0.982312925170068,0.8874245216579992,0.04063214285714285
BC,RF,4,0,512,57,0.9122807017543859,0.9032467532467532,0.8837209302325582,0.9714285714285713,0.8139267835041308,0.054810526315789476
BC,RF,4,1,512,57,0.9473684210526315,0.9487012987012987,0.9333333333333333,0.9915584415584415,0.8904905361044291,0.04384210526315789
BC,RF,4,2,512,57,0.9649122807017544,0.9623015873015872,0.9523809523809523,0.9947089947089947,0.9246031746031746,0.02787719298245614
BC,RF,4,3,512,57,0.9824561403508771,0.9761904761904762,0.975609756097561,0.9728835978835979,0.962621902223779,0.029142105263157893
BC,RF,4,4,512,57,0.9824561403508771,0.9761904761904762,0.975609756097561,0.9986772486772486,0.962621902223779,0.03605263157894737
BC,RF,4,5,512,57,0.9824561403508771,0.9861111111111112,0.9767441860465116,1.0,0.9633432944855655,0.021689473684210526
BC,RF,4,6,512,57,0.9473684210526315,0.9484126984126984,0.9302325581395349,0.988095238095238,0.8886350389948482,0.037191228070175435
BC,RF,4,7,512,57,0.9298245614035088,0.9444444444444444,0.9130434782608695,0.9947089947089948,0.8640987597877147,0.03235438596491229
BC,RF,4,8,512,57,0.9824561403508771,0.9861111111111112,0.9767441860465116,0.9986772486772486,0.9633432944855655,0.016792982456140353
BC,RF,4,9,513,56,0.9821428571428571,0.9857142857142858,0.9767441860465116,1.0,0.9629500128629354,0.018603571428571424
BC,XGB,0,0,512,57,0.9298245614035088,0.9428571428571428,0.9166666666666666,0.9948051948051948,0.8657081202406209,0.026165558025240898
BC,XGB,0,1,512,57,0.9649122807017544,0.9714285714285714,0.9565217391304348,0.996103896103896,0.9296696802013683,0.02583581581711769
BC,XGB,0,2,512,57,0.9824561403508771,0.9861111111111112,0.9767441860465116,1.0,0.9633432944855655,0.009152411483228207
BC,XGB,0,3,512,57,0.9122807017543859,0.8908730158730158,0.8717948717948718,0.9788359788359788,0.8112561965679829,0.0745871365070343
BC,XGB,0,4,512,57,0.9473684210526315,0.9384920634920635,0.926829268292683,0.9722222222222222,0.8864143349643965,0.03609389066696167
BC,XGB,0,5,512,57,0.9824561403508771,0.9761904761904762,0.975609756097561,0.9986772486772486,0.962621902223779,0.016919966787099838
BC,XGB,0,6,512,57,1.0,1.0,1.0,1.0,1.0,0.002551747253164649
BC,XGB,0,7,512,57,0.8947368421052632,0.9166666666666667,0.875,1.0,0.8050764858994133,0.04904618486762047
BC,XGB,0,8,512,57,0.9473684210526315,0.9384920634920635,0.926829268292683,0.9775132275132274,0.8864143349643965,0.04552852734923363
BC,XGB,0,9,513,56,1.0,1.0,1.0,1.0,1.0,0.009407788515090942
BC,XGB,1,0,512,57,0.9824561403508771,0.9857142857142858,0.9777777777777777,0.9987012987012986,0.9639463400956773,0.013103603385388851
BC,XGB,1,1,512,57,0.9649122807017544,0.9629870129870131,0.9545454545454546,0.9974025974025974,0.925974025974026,0.02419186197221279
BC,XGB,1,2,512,57,1.0,1.0,1.0,1.0,1.0,0.007881423458456993
BC,XGB,1,3,512,57,0.9473684210526315,0.9384920634920635,0.926829268292683,0.996031746031746,0.8864143349643965,0.029923714697360992
BC,XGB,1,4,512,57,0.9824561403508771,0.9861111111111112,0.9767441860465116,1.0,0.9633432944855655,0.005482248961925507
BC,XGB,1,5,512,57,0.9473684210526315,0.9384920634920635,0.926829268292683,0.9735449735449735,0.8864143349643965,0.050595611333847046
BC,XGB,1,6,512,57,0.9824561403508771,0.9761904761904762,0.975609756097561,0.9920634920634921,0.962621902223779,0.025167280808091164
BC,XGB,1,7,512,57,0.9824561403508771,0.9861111111111112,0.9767441860465116,0.9986772486772486,0.9633432944855655,0.017332052811980247
BC,XGB,1,8,512,57,0.9473684210526315,0.9484126984126984,0.9302325581395349,0.9880952380952381,0.8886350389948482,0.03154105320572853
BC,XGB,1,9,513,56,0.9821428571428571,0.9761904761904762,0.975609756097561,1.0,0.9622504486493763,0.014192336238920689
BC,XGB,2,0,512,57,0.9824561403508771,0.9772727272727273,0.9767441860465116,0.996103896103896,0.9633432944855655,0.017795339226722717
BC,XGB,2,1,512,57,0.9298245614035088,0.9259740259740259,0.9090909090909091,0.9779220779220779,0.8519480519480519,0.04556062072515488
BC,XGB,2,2,512,57,0.9473684210526315,0.9484126984126984,0.9302325581395349,0.996031746031746,0.8886350389948482,0.02760513685643673
BC,XGB,2,3,512,57,0.9824561403508771,0.9861111111111112,0.9767441860465116,0.9986772486772486,0.9633432944855655,0.014283251948654652
BC,XGB,2,4,512,57,1.0,1.0,1.0,1.0,1.0,0.002072214847430587
BC,XGB,2,5,512,57,1.0,1.0,1.0,1.0,1.0,0.003652890445664525
BC,XGB,2,6,512,57,0.9649122807017544,0.9623015873015872,0.9523809523809523,0.9986772486772486,0.9246031746031746,0.02018595114350319
BC,XGB,2,7,512,57,0.9649122807017544,0.9523809523809523,0.95,0.9854497354497354,0.9258200997725514,0.031629227101802826
BC,XGB,2,8,512,57,0.9298245614035088,0.9246031746031746,0.9047619047619048,0.9761904761904762,0.8492063492063492,0.06268099695444107
BC,XGB,2,9,513,56,1.0,1.0,1.0,1.0,1.0,0.004933068063110113
BC,XGB,3,0,512,57,0.9473684210526315,0.9402597402597402,0.9302325581395349,0.9948051948051948,0.8886350389948482,0.029190339148044586
BC,XGB,3,1,512,57,0.9649122807017544,0.9629870129870131,0.9545454545454546,0.9896103896103896,0.925974025974026,0.023086586967110634
BC,XGB,3,2,512,57,0.9649122807017544,0.9623015873015872,0.9523809523809523,0.9986772486772486,0.9246031746031746,0.013033443130552769
BC,XGB,3,3,512,57,0.9298245614035088,0.9345238095238095,0.9090909090909091,0.9947089947089947,0.8544784126535336,0.03691979870200157
BC,XGB,3,4,512,57,0.9649122807017544,0.9523809523809523,0.95,0.9933862433862434,0.9258200997725514,0.03447451442480087
BC,XGB,3,5,512,57,0.9824561403508771,0.9861111111111112,0.9767441860465116,0.9986772486772486,0.9633432944855655,0.014092712663114071
BC,XGB,3,6,512,57,0.9649122807017544,0.9523809523809523,0.95,0.9867724867724867,0.9258200997725514,0.037352703511714935
BC,XGB,3,7,512,57,1.0,1.0,1.0,1.0,1.0,0.0012028812197968364
BC,XGB,3,8,512,57,0.9824561403508771,0.9861111111111112,0.9767441860465116,1.0,0.9633432944855655,0.005365476477891207
BC,XGB,3,9,513,56,0.9642857142857143,0.9619047619047618,0.9523809523809523,0.982312925170068,0.9238095238095239,0.03274896368384361
BC,XGB,4,0,512,57,0.9473684210526315,0.9318181818181819,0.926829268292683,0.9818181818181818,0.8918825850158447,0.04137318581342697
BC,XGB,4,1,512,57,0.9473684210526315,0.9402597402597402,0.9302325581395349,0.9922077922077922,0.8886350389948482,0.04127209633588791
BC,XGB,4,2,512,57,0.9649122807017544,0.9623015873015872,0.9523809523809523,0.9947089947089947,0.9246031746031746,0.02695244364440441
BC,XGB,4,3,512,57,0.9649122807017544,0.9623015873015872,0.9523809523809523,0.98015873015873,0.9246031746031746,0.02479403093457222
BC,XGB,4,4,512,57,1.0,1.0,1.0,1.0,1.0,0.019252296537160873
BC,XGB,4,5,512,57,0.9649122807017544,0.9623015873015872,0.9523809523809523,0.9986772486772486,0.9246031746031746,0.02228844352066517
BC,XGB,4,6,512,57,0.9824561403508771,0.9761904761904762,0.975609756097561,0.9907407407407407,0.962621902223779,0.02023465372622013
BC,XGB,4,7,512,57,0.9649122807017544,0.9722222222222222,0.9545454545454546,1.0,0.9286112429750731,0.009880310855805874
BC,XGB,4,8,512,57,0.9824561403508771,0.9861111111111112,0.9767441860465116,1.0,0.9633432944855655,0.005258222576230764
BC,XGB,4,9,513,56,1.0,1.0,1.0,1.0,1.0,0.0042403447441756725
BC,SVM,0,0,512,57,0.9824561403508771,0.9857142857142858,0.9777777777777777,1.0,0.9639463400956773,0.009407588712920623
BC,SVM,0,1,512,57,0.9824561403508771,0.9857142857142858,0.9777777777777777,0.9987012987012986,0.9639463400956773,0.01119783895892996
BC,SVM,0,2,512,57,0.9298245614035088,0.9345238095238095,0.9090909090909091,0.9933862433862434,0.8544784126535336,0.04132945019553628
BC,SVM,0,3,512,57,0.9473684210526315,0.9484126984126984,0.9302325581395349,0.9947089947089947,0.8886350389948482,0.032914925570730114
BC,SVM,0,4,512,57,0.9649122807017544,0.9623015873015872,0.9523809523809523,0.9814814814814815,0.9246031746031746,0.027411920969005715
BC,SVM,0,5,512,57,0.9649122807017544,0.9523809523809523,0.95,0.9947089947089947,0.9258200997725514,0.027514294273563923
BC,SVM,0,6,512,57,0.9824561403508771,0.9861111111111112,0.9767441860465116,1.0,0.9633432944855655,0.005613216285188328
BC,SVM,0,7,512,57,0.9298245614035088,0.9444444444444444,0.9130434782608695,1.0,0.8640987597877147,0.03240065727898286
BC,SVM,0,8,512,57,0.9824561403508771,0.9761904761904762,0.975609756097561,0.9933862433862435,0.962621902223779,0.021037616571917418
BC,SVM,0,9,513,56,1.0,1.0,1.0,1.0,1.0,0.002626781234649202
BC,SVM,1,0,512,57,0.9649122807017544,0.9629870129870131,0.9545454545454546,0.9987012987012986,0.925974025974026,0.017189426087702856
BC,SVM,1,1,512,57,0.9649122807017544,0.9714285714285714,0.9565217391304348,0.9974025974025974,0.9296696802013683,0.018044939468864568
BC,SVM,1,2,512,57,0.9824561403508771,0.9861111111111112,0.9767441860465116,1.0,0.9633432944855655,0.00910271521530975
BC,SVM,1,3,512,57,1.0,1.0,1.0,1.0,1.0,0.006890531620322956
BC,SVM,1,4,512,57,1.0,1.0,1.0,1.0,1.0,0.004731237284745547
BC,SVM,1,5,512,57,0.9298245614035088,0.9146825396825397,0.9,0.9748677248677248,0.8486684247915055,0.052459187384559534
BC,SVM,1,6,512,57,0.9649122807017544,0.9623015873015872,0.9523809523809523,0.996031746031746,0.9246031746031746,0.027637997558714135
BC,SVM,1,7,512,57,0.9649122807017544,0.9623015873015872,0.9523809523809523,0.9986772486772486,0.9246031746031746,0.014125869820592834
BC,SVM,1,8,512,57,0.9649122807017544,0.9623015873015872,0.9523809523809523,0.9933862433862435,0.9246031746031746,0.021456076480894246
BC,SVM,1,9,513,56,0.9464285714285714,0.9571428571428571,0.9333333333333333,0.9959183673469387,0.8944271909999159,0.02749144781241896
BC,SVM,2,0,512,57,0.9824561403508771,0.9772727272727273,0.9767441860465116,1.0,0.9633432944855655,0.0135002528487876
BC,SVM,2,1,512,57,0.9473684210526315,0.9487012987012987,0.9333333333333333,0.9948051948051948,0.8904905361044291,0.03521185683408166
BC,SVM,2,2,512,57,0.9824561403508771,0.9861111111111112,0.9767441860465116,0.9986772486772486,0.9633432944855655,0.01533997994900586
BC,SVM,2,3,512,57,0.9649122807017544,0.9722222222222222,0.9545454545454546,0.9986772486772486,0.9286112429750731,0.019915829187299693
BC,SVM,2,4,512,57,0.9298245614035088,0.9444444444444444,0.9130434782608695,1.0,0.8640987597877147,0.03163173838633871
BC,SVM,2,5,512,57,1.0,1.0,1.0,1.0,1.0,0.0034556413035556795
BC,SVM,2,6,512,57,0.9824561403508771,0.9761904761904762,0.975609756097561,0.9973544973544973,0.962621902223779,0.017242852646224504
BC,SVM,2,7,512,57,0.9649122807017544,0.9623015873015872,0.9523809523809523,0.98015873015873,0.9246031746031746,0.023967517618436896
BC,SVM,2,8,512,57,0.9473684210526315,0.9484126984126984,0.9302325581395349,0.9947089947089947,0.8886350389948482,0.027660819122479273
BC,SVM,2,9,513,56,0.9821428571428571,0.9857142857142858,0.9767441860465116,0.998639455782313,0.9629500128629354,0.015301194468485614
BC,SVM,3,0,512,57,0.9824561403508771,0.9857142857142858,0.9777777777777777,0.996103896103896,0.9639463400956773,0.01740165094823776
BC,SVM,3,1,512,57,0.9649122807017544,0.9629870129870131,0.9545454545454546,0.9935064935064934,0.925974025974026,0.03017450610428298
BC,SVM,3,2,512,57,0.9649122807017544,0.9722222222222222,0.9545454545454546,1.0,0.9286112429750731,0.00904866546473379
BC,SVM,3,3,512,57,0.9649122807017544,0.9722222222222222,0.9545454545454546,0.9973544973544973,0.9286112429750731,0.02180140849845468
BC,SVM,3,4,512,57,0.9649122807017544,0.9623015873015872,0.9523809523809523,0.9933862433862435,0.9246031746031746,0.025458612869141185
BC,SVM,3,5,512,57,0.9649122807017544,0.9722222222222222,0.9545454545454546,1.0,0.9286112429750731,0.011416711217853929
BC,SVM,3,6,512,57,0.9298245614035088,0.9246031746031746,0.9047619047619048,0.9867724867724867,0.8492063492063492,0.04562965297065616
BC,SVM,3,7,512,57,0.9824561403508771,0.9861111111111112,0.9767441860465116,1.0,0.9633432944855655,0.006736761719270343
BC,SVM,3,8,512,57,1.0,1.0,1.0,1.0,1.0,0.0040032966674219015
BC,SVM,3,9,513,56,0.9642857142857143,0.9619047619047618,0.9523809523809523,0.982312925170068,0.9238095238095239,0.029101205052265742
BC,SVM,4,0,512,57,0.9649122807017544,0.9629870129870131,0.9545454545454546,0.9922077922077921,0.925974025974026,0.02453650667851719
BC,SVM,4,1,512,57,0.9649122807017544,0.9714285714285714,0.9565217391304348,1.0,0.9296696802013683,0.013380319195418109
BC,SVM,4,2,512,57,0.9298245614035088,0.9345238095238095,0.9090909090909091,0.9933862433862435,0.8544784126535336,0.032233454537127705
BC,SVM,4,3,512,57,0.9649122807017544,0.9623015873015872,0.9523809523809523,0.9828042328042328,0.9246031746031746,0.024762793334590836
BC,SVM,4,4,512,57,0.9298245614035088,0.9146825396825397,0.9,0.9933862433862434,0.8486684247915055,0.040149048523637695
BC,SVM,4,5,512,57,0.9649122807017544,0.9722222222222222,0.9545454545454546,0.9973544973544973,0.9286112429750731,0.026541693607110377
BC,SVM,4,6,512,57,0.9649122807017544,0.9623015873015872,0.9523809523809523,0.996031746031746,0.9246031746031746,0.020608326480354273
BC,SVM,4,7,512,57,1.0,1.0,1.0,1.0,1.0,0.0017668141853326824
BC,SVM,4,8,512,57,1.0,1.0,1.0,1.0,1.0,0.004674178078472513
BC,SVM,4,9,513,56,0.9642857142857143,0.9714285714285714,0.9545454545454546,1.0,0.9278305692406299,0.014246036390828486
BC,MLP,0,0,512,57,0.9649122807017544,0.9629870129870131,0.9545454545454546,0.9935064935064936,0.925974025974026,0.02760694486591222
BC,MLP,0,1,512,57,1.0,1.0,1.0,1.0,1.0,0.0003385439554697087
BC,MLP,0,2,512,57,0.9824561403508771,0.9761904761904762,0.975609756097561,1.0,0.962621902223779,0.01646975483523493
BC,MLP,0,3,512,57,0.9649122807017544,0.9523809523809523,0.95,0.9933862433862434,0.9258200997725514,0.03251653122968933
BC,MLP,0,4,512,57,0.9649122807017544,0.9623015873015872,0.9523809523809523,0.9761904761904762,0.9246031746031746,0.03345625014057068
BC,MLP,0,5,512,57,0.9473684210526315,0.9285714285714286,0.9230769230769231,0.9761904761904762,0.8894991799933214,0.054632252032174866
BC,MLP,0,6,512,57,1.0,1.0,1.0,1.0,1.0,6.560236316837036e-06
BC,MLP,0,7,512,57,0.9649122807017544,0.9722222222222222,0.9545454545454546,1.0,0.9286112429750731,0.02332269571583345
BC,MLP,0,8,512,57,0.9824561403508771,0.9761904761904762,0.975609756097561,0.996031746031746,0.962621902223779,0.01749103473739131
BC,MLP,0,9,513,56,1.0,1.0,1.0,1.0,1.0,0.00014957262889696133
BC,MLP,1,0,512,57,0.9824561403508771,0.9772727272727273,0.9767441860465116,0.9987012987012986,0.9633432944855655,0.015371594202912951
BC,MLP,1,1,512,57,1.0,1.0,1.0,1.0,1.0,0.0027961338659882426
BC,MLP,1,2,512,57,0.9649122807017544,0.9623015873015872,0.9523809523809523,0.9894179894179894,0.9246031746031746,0.026845359396882734
BC,MLP,1,3,512,57,0.9824561403508771,0.9761904761904762,0.975609756097561,0.9986772486772486,0.962621902223779,0.0161364712706267
BC,MLP,1,4,512,57,1.0,1.0,1.0,1.0,1.0,0.0003762530848893994
BC,MLP,1,5,512,57,0.9473684210526315,0.9384920634920635,0.926829268292683,0.9656084656084656,0.8864143349643965,0.042030948936511145
BC,MLP,1,6,512,57,0.9824561403508771,0.9761904761904762,0.975609756097561,0.996031746031746,0.962621902223779,0.01875828902180143
BC,MLP,1,7,512,57,1.0,1.0,1.0,1.0,1.0,0.000358078918034581
BC,MLP,1,8,512,57,0.9649122807017544,0.9523809523809523,0.95,0.9880952380952381,0.9258200997725514,0.0326984041615238
BC,MLP,1,9,513,56,0.9821428571428571,0.9857142857142858,0.9767441860465116,0.9972789115646259,0.9629500128629354,0.022296629282322046
BC,MLP,2,0,512,57,0.9824561403508771,0.9772727272727273,0.9767441860465116,0.996103896103896,0.9633432944855655,0.017792232200628904
BC,MLP,2,1,512,57,0.9649122807017544,0.9629870129870131,0.9545454545454546,0.9896103896103896,0.925974025974026,0.030658689955196262
BC,MLP,2,2,512,57,1.0,1.0,1.0,1.0,1.0,0.006705256844554079
BC,MLP,2,3,512,57,0.9473684210526315,0.9484126984126984,0.9302325581395349,0.9894179894179894,0.8886350389948482,0.030352137647238292
BC,MLP,2,4,512,57,0.9649122807017544,0.9623015873015872,0.9523809523809523,0.9973544973544973,0.9246031746031746,0.033629602679250345
BC,MLP,2,5,512,57,0.9824561403508771,0.9761904761904762,0.975609756097561,1.0,0.962621902223779,0.01142874678298334
BC,MLP,2,6,512,57,0.9824561403508771,0.9761904761904762,0.975609756097561,0.9947089947089947,0.962621902223779,0.017877089353008913
BC,MLP,2,7,512,57,0.9824561403508771,0.9761904761904762,0.975609756097561,0.9814814814814815,0.962621902223779,0.020223244654141277
BC,MLP,2,8,512,57,0.9298245614035088,0.9246031746031746,0.9047619047619048,0.9907407407407407,0.8492063492063492,0.03908596570584167
BC,MLP,2,9,513,56,0.9821428571428571,0.9857142857142858,0.9767441860465116,1.0,0.9629500128629354,0.004716483683778715
BC,MLP,3,0,512,57,1.0,1.0,1.0,1.0,1.0,0.005117029111148255
BC,MLP,3,1,512,57,0.9473684210526315,0.9487012987012987,0.9333333333333333,0.9935064935064936,0.8904905361044291,0.03046362356862749
BC,MLP,3,2,512,57,1.0,1.0,1.0,1.0,1.0,0.0003991171857536133
BC,MLP,3,3,512,57,0.9473684210526315,0.9384920634920635,0.926829268292683,0.9814814814814815,0.8864143349643965,0.04407356089216118
BC,MLP,3,4,512,57,0.9649122807017544,0.9623015873015872,0.9523809523809523,0.9854497354497354,0.9246031746031746,0.02971453639843676
BC,MLP,3,5,512,57,1.0,1.0,1.0,1.0,1.0,0.005219792589652134
BC,MLP,3,6,512,57,0.9649122807017544,0.9523809523809523,0.95,0.996031746031746,0.9258200997725514,0.03176127957831409
BC,MLP,3,7,512,57,0.9824561403508771,0.9861111111111112,0.9767441860465116,1.0,0.9633432944855655,0.017435138437370944
BC,MLP,3,8,512,57,1.0,1.0,1.0,1.0,1.0,0.000451961646747502
BC,MLP,3,9,513,56,0.9821428571428571,0.9761904761904762,0.975609756097561,0.9809523809523809,0.9622504486493763,0.01807599347029529
BC,MLP,4,0,512,57,0.9473684210526315,0.9402597402597402,0.9302325581395349,0.9883116883116884,0.8886350389948482,0.03075573907115126
BC,MLP,4,1,512,57,0.9824561403508771,0.9772727272727273,0.9767441860465116,0.9987012987012986,0.9633432944855655,0.017533247837409914
BC,MLP,4,2,512,57,0.9649122807017544,0.9623015873015872,0.9523809523809523,0.9907407407407407,0.9246031746031746,0.02523905925461675
BC,MLP,4,3,512,57,0.9824561403508771,0.9761904761904762,0.975609756097561,0.9788359788359788,0.962621902223779,0.018126031155273767
BC,MLP,4,4,512,57,0.9649122807017544,0.9623015873015872,0.9523809523809523,0.9973544973544973,0.9246031746031746,0.023798154355905515
BC,MLP,4,5,512,57,0.9824561403508771,0.9861111111111112,0.9767441860465116,1.0,0.9633432944855655,0.004677751248220057
BC,MLP,4,6,512,57,0.9473684210526315,0.9384920634920635,0.926829268292683,0.9880952380952381,0.8864143349643965,0.03877826234603171
BC,MLP,4,7,512,57,1.0,1.0,1.0,1.0,1.0,2.7260751077617626e-06
BC,MLP,4,8,512,57,0.9649122807017544,0.9523809523809523,0.95,0.9933862433862435,0.9258200997725514,0.029662097214525878
BC,MLP,4,9,513,56,0.9821428571428571,0.9857142857142858,0.9767441860465116,0.998639455782313,0.9629500128629354,0.02078947619776211
BC,NB,0,0,512,57,0.9824561403508771,0.9772727272727273,0.9767441860465116,0.9987012987012986,0.9633432944855655,0.0183785209457345
BC,NB,0,1,512,57,0.9473684210526315,0.9487012987012987,0.9333333333333333,0.9935064935064934,0.8904905361044291,0.05001233376586824
BC,NB,0,2,512,57,0.9298245614035088,0.9246031746031746,0.9047619047619048,0.9629629629629629,0.8492063492063492,0.07184438354805561
BC,NB,0,3,512,57,0.8947368421052632,0.8670634920634921,0.8421052631578947,0.9814814814814815,0.7740653530990438,0.09967800882124413
BC,NB,0,4,512,57,0.9649122807017544,0.9523809523809523,0.95,0.9814814814814815,0.9258200997725514,0.035923377123496816
BC,NB,0,5,512,57,0.8947368421052632,0.8571428571428572,0.8333333333333334,0.9947089947089947,0.7824607964359516,0.09283301598527431
BC,NB,0,6,512,57,0.9298245614035088,0.9246031746031746,0.9047619047619048,0.9708994708994709,0.8492063492063492,0.06830868470580914
BC,NB,0,7,512,57,0.9298245614035088,0.9444444444444444,0.9130434782608695,0.9986772486772486,0.8640987597877147,0.05608634555538153
BC,NB,0,8,512,57,0.9298245614035088,0.9146825396825397,0.9,0.9814814814814815,0.8486684247915055,0.05837387497644983
BC,NB,0,9,513,56,0.9821428571428571,0.9761904761904762,0.975609756097561,1.0,0.9622504486493763,0.017615612221404127
BC,NB,1,0,512,57,0.9473684210526315,0.9402597402597402,0.9302325581395349,0.9935064935064934,0.8886350389948482,0.04840731877299378
BC,NB,1,1,512,57,0.9122807017543859,0.9032467532467532,0.8837209302325582,0.9805194805194805,0.8139267835041308,0.08476110934166835
BC,NB,1,2,512,57,0.9649122807017544,0.9623015873015872,0.9523809523809523,0.996031746031746,0.9246031746031746,0.03128859904072249
BC,NB,1,3,512,57,0.9649122807017544,0.9623015873015872,0.9523809523809523,0.9907407407407407,0.9246031746031746,0.0362631366901681
BC,NB,1,4,512,57,0.9473684210526315,0.9484126984126984,0.9302325581395349,0.9973544973544973,0.8886350389948482,0.041231807832355576
BC,NB,1,5,512,57,0.9122807017543859,0.8908730158730158,0.8717948717948718,0.9801587301587302,0.8112561965679829,0.07658563303920199
BC,NB,1,6,512,57,0.9122807017543859,0.9007936507936507,0.8780487804878049,0.9775132275132276,0.810206767705014,0.08352601740003668
BC,NB,1,7,512,57,0.9649122807017544,0.9523809523809523,0.95,0.996031746031746,0.9258200997725514,0.03507786403760624
BC,NB,1,8,512,57,0.9298245614035088,0.9246031746031746,0.9047619047619048,0.9761904761904762,0.8492063492063492,0.05925170080590258
BC,NB,1,9,513,56,0.9285714285714286,0.9142857142857143,0.9,0.9931972789115646,0.847219534025019,0.06107153710080217
BC,NB,2,0,512,57,0.9122807017543859,0.8948051948051948,0.8780487804878049,0.9935064935064934,0.8154355063002009,0.09297059511022567
BC,NB,2,1,512,57,0.9298245614035088,0.9175324675324675,0.9047619047619048,0.9571428571428571,0.851823761469308,0.07126138619457292
BC,NB,2,2,512,57,0.9649122807017544,0.9523809523809523,0.95,0.9986772486772486,0.9258200997725514,0.025307056751334052
BC,NB,2,3,512,57,0.9122807017543859,0.9107142857142857,0.8837209302325582,0.9907407407407407,0.8139267835041308,0.06260068777700584
BC,NB,2,4,512,57,0.9473684210526315,0.9484126984126984,0.9302325581395349,0.996031746031746,0.8886350389948482,0.03865042650676723
BC,NB,2,5,512,57,0.9649122807017544,0.9623015873015872,0.9523809523809523,0.996031746031746,0.9246031746031746,0.03393153298858888
BC,NB,2,6,512,57,0.9473684210526315,0.9384920634920635,0.926829268292683,0.9947089947089947,0.8864143349643965,0.04878088852438258
BC,NB,2,7,512,57,0.9122807017543859,0.8908730158730158,0.8717948717948718,0.9788359788359788,0.8112561965679829,0.08383152917631626
BC,NB,2,8,512,57,0.9473684210526315,0.9484126984126984,0.9302325581395349,0.976190476190476,0.8886350389948482,0.055719180345482865
BC,NB,2,9,513,56,0.9464285714285714,0.9380952380952381,0.926829268292683,0.9918367346938775,0.8852704127574261,0.03942010949747575
BC,NB,3,0,512,57,0.8596491228070176,0.8350649350649351,0.8,0.9844155844155844,0.7018362291689512,0.12169835107282408
BC,NB,3,1,512,57,0.9473684210526315,0.9318181818181819,0.926829268292683,0.9844155844155844,0.8918825850158447,0.05251904210479851
BC,NB,3,2,512,57,0.9473684210526315,0.9285714285714286,0.9230769230769231,0.9933862433862434,0.8894991799933214,0.05452073799981522
BC,NB,3,3,512,57,0.9298245614035088,0.9246031746031746,0.9047619047619048,0.9854497354497355,0.8492063492063492,0.056055763232627155
BC,NB,3,4,512,57,0.9473684210526315,0.9384920634920635,0.926829268292683,0.992063492063492,0.8864143349643965,0.051504204456572375
BC,NB,3,5,512,57,0.9298245614035088,0.9246031746031746,0.9047619047619048,0.9933862433862434,0.8492063492063492,0.04858120635457672
BC,NB,3,6,512,57,0.9122807017543859,0.9007936507936507,0.8780487804878049,0.9523809523809523,0.810206767705014,0.08688553750492303
BC,NB,3,7,512,57,1.0,1.0,1.0,1.0,1.0,8.688608181044661e-08
BC,NB,3,8,512,57,0.9649122807017544,0.9722222222222222,0.9545454545454546,0.9973544973544973,0.9286112429750731,0.025394222075956804
BC,NB,3,9,513,56,0.9285714285714286,0.9238095238095239,0.9047619047619048,0.9836734693877551,0.8476190476190476,0.06442331896103705
BC,NB,4,0,512,57,0.9298245614035088,0.9090909090909092,0.9,0.9792207792207792,0.8568930704969753,0.07293312056873767
BC,NB,4,1,512,57,0.9298245614035088,0.9175324675324675,0.9047619047619048,0.9922077922077922,0.851823761469308,0.07163972017956477
BC,NB,4,2,512,57,0.9649122807017544,0.9623015873015872,0.9523809523809523,0.9933862433862434,0.9246031746031746,0.0362230119342279
BC,NB,4,3,512,57,0.9649122807017544,0.9623015873015872,0.9523809523809523,0.9841269841269841,0.9246031746031746,0.034394897428860594
BC,NB,4,4,512,57,0.8947368421052632,0.8670634920634921,0.8421052631578947,0.9854497354497354,0.7740653530990438,0.10325439065585966
BC,NB,4,5,512,57,0.9122807017543859,0.9007936507936507,0.8780487804878049,0.9742063492063492,0.810206767705014,0.08023693982384132
BC,NB,4,6,512,57,0.9649122807017544,0.9623015873015872,0.9523809523809523,0.9894179894179894,0.9246031746031746,0.04053126203915196
BC,NB,4,7,512,57,0.9649122807017544,0.9623015873015872,0.9523809523809523,0.9933862433862434,0.9246031746031746,0.0324773475936198
BC,NB,4,8,512,57,0.9473684210526315,0.9384920634920635,0.926829268292683,0.9933862433862434,0.8864143349643965,0.05210813598675639
BC,NB,4,9,513,56,0.9642857142857143,0.9714285714285714,0.9545454545454546,0.9918367346938776,0.9278305692406299,0.039871834982242935
PIMA,LR,0,0,691,77,0.6623376623376623,0.6633333333333333,0.5806451612903226,0.8229629629629629,0.31304951684997057,0.15966050548178137
PIMA,LR,0,1,691,77,0.7532467532467533,0.7333333333333334,0.6545454545454545,0.8214814814814815,0.4629100498862757,0.1690064133805226
PIMA,LR,0,2,691,77,0.7532467532467533,0.7333333333333334,0.6545454545454545,0.8066666666666666,0.4629100498862757,0.1682398017294349
PIMA,LR,0,3,691,77,0.8701298701298701,0.8488888888888889,0.8076923076923077,0.925925925925926,0.7110699774428061,0.11659336947781641
PIMA,LR,0,4,691,77,0.8051948051948052,0.7988888888888889,0.7368421052631579,0.8207407407407408,0.5849208388379199,0.15750887672462308
PIMA,LR,0,5,691,77,0.8441558441558441,0.8288888888888889,0.7777777777777778,0.8807407407407408,0.6577777777777778,0.1387390895894568
PIMA,LR,0,6,691,77,0.7532467532467533,0.7162962962962962,0.6274509803921569,0.8266666666666667,0.44565871858907996,0.16328099365758872
PIMA,LR,0,7,691,77,0.7792207792207793,0.778888888888889,0.711864406779661,0.8466666666666667,0.5400660110544787,0.15516151077618454
PIMA,LR,0,8,692,76,0.7368421052631579,0.7815384615384615,0.7058823529411765,0.8823076923076923,0.5372486108055937,0.14417546242161694
PIMA,LR,0,9,692,76,0.6578947368421053,0.6292307692307693,0.5185185185185185,0.7330769230769231,0.254195563720897,0.20110335298103432
PIMA,LR,1,0,691,77,0.7012987012987013,0.6933333333333334,0.6101694915254238,0.7962962962962963,0.37438839013338365,0.17559473616087068
PIMA,LR,1,1,691,77,0.7012987012987013,0.6933333333333334,0.6101694915254238,0.7577777777777777,0.37438839013338365,0.19995218625539896
PIMA,LR,1,2,691,77,0.7662337662337663,0.7518518518518519,0.6785714285714286,0.8444444444444446,0.49604652413672967,0.14712816902690054
PIMA,LR,1,3,691,77,0.7922077922077922,0.7803703703703704,0.7142857142857143,0.8637037037037036,0.5522164981933888,0.15027593884602983
PIMA,LR,1,4,691,77,0.7272727272727273,0.6792592592592592,0.5714285714285714,0.8140740740740741,0.378691704962503,0.1748669832434248
PIMA,LR,1,5,691,77,0.8181818181818182,0.8088888888888889,0.75,0.9007407407407408,0.6083864722500479,0.11302444548216013
PIMA,LR,1,6,691,77,0.7402597402597403,0.7744444444444445,0.7058823529411765,0.8896296296296295,0.5249381604221485,0.13281894844262437
PIMA,LR,1,7,691,77,0.7402597402597403,0.7233333333333334,0.6428571428571429,0.8022222222222223,0.4398765500800706,0.17380790812072022
PIMA,LR,1,8,692,76,0.7368421052631579,0.7261538461538461,0.6428571428571429,0.78,0.43900160367219143,0.18415445498687766
PIMA,LR,1,9,692,76,0.8157894736842105,0.8046153846153846,0.7407407407407407,0.8884615384615384,0.5991752573421144,0.13223809011928592
PIMA,LR,2,0,691,77,0.8181818181818182,0.8088888888888889,0.75,0.8688888888888888,0.6083864722500479,0.1474858610565848
PIMA,LR,2,1,691,77,0.7662337662337663,0.768888888888889,0.7,0.8637037037037038,0.5185449728701349,0.1506592468029153
PIMA,LR,2,2,691,77,0.7402597402597403,0.7403703703703703,0.6666666666666666,0.7866666666666665,0.46354777877784786,0.16818586595516866
PIMA,LR,2,3,691,77,0.6233766233766234,0.6333333333333333,0.5538461538461539,0.7585185185185186,0.2545139051903111,0.18836966120560564
PIMA,LR,2,4,691,77,0.8051948051948052,0.7562962962962962,0.6808510638297872,0.8822222222222222,0.5578106278623646,0.14749070456414717
PIMA,LR,2,5,691,77,0.7532467532467533,0.7674074074074073,0.6984126984126984,0.8340740740740741,0.5114782075908113,0.15807348069606425
PIMA,LR,2,6,691,77,0.7922077922077922,0.7803703703703704,0.7142857142857143,0.8637037037037038,0.5522164981933888,0.1325922617367814
PIMA,LR,2,7,691,77,0.8181818181818182,0.8088888888888889,0.75,0.914074074074074,0.6083864722500479,0.11790883628690477
PIMA,LR,2,8,692,76,0.7236842105263158,0.6792307692307692,0.5714285714285714,0.8192307692307692,0.37017951980791003,0.1727101110582685
PIMA,LR,2,9,692,76,0.7368421052631579,0.7446153846153847,0.6666666666666666,0.8038461538461539,0.46678977660158144,0.17578967748700916
PIMA,LR,3,0,691,77,0.8181818181818182,0.8003703703703704,0.7407407407407407,0.8681481481481482,0.6007407407407407,0.1422343417154756
PIMA,LR,3,1,691,77,0.7402597402597403,0.7403703703703703,0.6666666666666666,0.8237037037037037,0.46354777877784786,0.16584493427865024
PIMA,LR,3,2,691,77,0.7922077922077922,0.788888888888889,0.7241379310344828,0.86,0.5621703750837337,0.14581186973623145
PIMA,LR,3,3,691,77,0.7922077922077922,0.788888888888889,0.7241379310344828,0.8770370370370371,0.5621703750837337,0.1337483056707532
PIMA,LR,3,4,691,77,0.7272727272727273,0.7559259259259259,0.6865671641791045,0.8585185185185186,0.4888552745746736,0.14669977063410608
PIMA,LR,3,5,691,77,0.7662337662337663,0.7433333333333333,0.6666666666666666,0.7896296296296296,0.4866666666666667,0.17632931528121834
PIMA,LR,3,6,691,77,0.7922077922077922,0.7974074074074073,0.7333333333333333,0.8977777777777778,0.5735421669624219,0.1248625153069999
PIMA,LR,3,7,691,77,0.7662337662337663,0.7433333333333333,0.6666666666666666,0.8162962962962963,0.4866666666666667,0.15713338614148684
PIMA,LR,3,8,692,76,0.75,0.7176923076923076,0.6274509803921569,0.8123076923076924,0.43963237075742945,0.17087954140899458
PIMA,LR,3,9,692,76,0.6578947368421053,0.6292307692307693,0.5185185185185185,0.7361538461538462,0.254195563720897,0.22126188278734082
PIMA,LR,4,0,691,77,0.6493506493506493,0.6107407407407407,0.49056603773584906,0.7466666666666666,0.22347685044988602,0.18473112626124844
PIMA,LR,4,1,691,77,0.7922077922077922,0.788888888888889,0.7241379310344828,0.8762962962962964,0.5621703750837337,0.14061409090199964
PIMA,LR,4,2,691,77,0.8311688311688312,0.835925925925926,0.7796610169491526,0.8962962962962964,0.6505177583352088,0.1233892154196495
PIMA,LR,4,3,691,77,0.7922077922077922,0.7548148148148148,0.68,0.8437037037037037,0.5313256180417312,0.147854647209962
PIMA,LR,4,4,691,77,0.7922077922077922,0.7803703703703704,0.7142857142857143,0.8688888888888888,0.5522164981933888,0.14641584940831232
PIMA,LR,4,5,691,77,0.7402597402597403,0.7574074074074073,0.6875,0.8629629629629629,0.49168511697452694,0.14999059785313326
PIMA,LR,4,6,691,77,0.6363636363636364,0.6433333333333333,0.5625,0.7614814814814815,0.27378725218581573,0.20354530461803255
PIMA,LR,4,7,691,77,0.8051948051948052,0.7903703703703704,0.7272727272727273,0.8925925925925926,0.5760658398584765,0.1344029758133138
PIMA,LR,4,8,692,76,0.75,0.7361538461538462,0.6545454545454545,0.7884615384615385,0.4612631569755697,0.16688501545352538
PIMA,LR,4,9,692,76,0.7631578947368421,0.7461538461538462,0.6666666666666666,0.8315384615384616,0.48418202613504197,0.16354663238093972
PIMA,RF,0,0,691,77,0.7532467532467533,0.792962962962963,0.7246376811594203,0.8574074074074075,0.5615015143499472,0.1499090909090909
PIMA,RF,0,1,691,77,0.7662337662337663,0.768888888888889,0.7,0.8455555555555556,0.5185449728701349,0.15639870129870131
PIMA,RF,0,2,691,77,0.7012987012987013,0.6848148148148148,0.5964912280701754,0.7688888888888888,0.36167967605963075,0.18814935064935062
PIMA,RF,0,3,691,77,0.8571428571428571,0.855925925925926,0.8070175438596491,0.9285185185185185,0.6965414202270644,0.10850519480519479
PIMA,RF,0,4,691,77,0.7272727272727273,0.7474074074074074,0.676923076923077,0.8507407407407407,0.4722646907420217,0.146387012987013
PIMA,RF,0,5,691,77,0.7662337662337663,0.7859259259259259,0.71875,0.8337037037037037,0.5461595831717048,0.15913246753246754
PIMA,RF,0,6,691,77,0.7402597402597403,0.7403703703703703,0.6666666666666666,0.8040740740740739,0.46354777877784786,0.16877272727272724
PIMA,RF,0,7,691,77,0.7532467532467533,0.7759259259259259,0.7076923076923077,0.8333333333333333,0.5267023871299493,0.1605753246753247
PIMA,RF,0,8,692,76,0.631578947368421,0.6738461538461539,0.6,0.7973076923076924,0.3340915037338317,0.1782894736842105
PIMA,RF,0,9,692,76,0.6842105263157895,0.6676923076923077,0.5714285714285714,0.7023076923076923,0.3255181959201964,0.20739736842105264
PIMA,RF,1,0,691,77,0.6363636363636364,0.6603703703703703,0.5882352941176471,0.7637037037037037,0.3067452408404727,0.18401428571428569
PIMA,RF,1,1,691,77,0.6883116883116883,0.6833333333333333,0.6,0.7207407407407407,0.3535533905932738,0.21181038961038962
PIMA,RF,1,2,691,77,0.7272727272727273,0.7303703703703703,0.6557377049180327,0.8011111111111111,0.4427410738901448,0.16755584415584418
PIMA,RF,1,3,691,77,0.7402597402597403,0.7318518518518519,0.6551724137931034,0.8388888888888888,0.4511777625672017,0.1558571428571429
PIMA,RF,1,4,691,77,0.7402597402597403,0.7318518518518519,0.6551724137931034,0.8381481481481482,0.4511777625672017,0.1623077922077922
PIMA,RF,1,5,691,77,0.8441558441558441,0.8629629629629629,0.8064516129032258,0.9237037037037038,0.6956655929999346,0.10971168831168833
PIMA,RF,1,6,691,77,0.7402597402597403,0.782962962962963,0.7142857142857143,0.8644444444444445,0.5438170103731038,0.14772467532467534
PIMA,RF,1,7,691,77,0.7272727272727273,0.7388888888888889,0.6666666666666666,0.7974074074074073,0.4569299776953924,0.17508831168831168
PIMA,RF,1,8,692,76,0.75,0.7638461538461538,0.6885245901639344,0.8015384615384615,0.502257567553843,0.17108684210526318
PIMA,RF,1,9,692,76,0.8289473684210527,0.833076923076923,0.7719298245614035,0.9088461538461539,0.6430712769344363,0.11797236842105265
PIMA,RF,2,0,691,77,0.7402597402597403,0.7403703703703703,0.6666666666666666,0.8614814814814814,0.46354777877784786,0.14482467532467536
PIMA,RF,2,1,691,77,0.7922077922077922,0.8059259259259259,0.7419354838709677,0.88,0.5863467140999449,0.1378987012987013
PIMA,RF,2,2,691,77,0.7402597402597403,0.7574074074074073,0.6875,0.8440740740740741,0.49168511697452694,0.14962727272727272
PIMA,RF,2,3,691,77,0.6753246753246753,0.6988888888888889,0.6268656716417911,0.7707407407407407,0.37990634218031794,0.186025974025974
PIMA,RF,2,4,691,77,0.7662337662337663,0.7603703703703704,0.6896551724137931,0.8277777777777778,0.5066740688254677,0.15750129870129873
PIMA,RF,2,5,691,77,0.7532467532467533,0.7759259259259259,0.7076923076923077,0.8414814814814815,0.5267023871299493,0.15654935064935066
PIMA,RF,2,6,691,77,0.7402597402597403,0.7488888888888889,0.6774193548387096,0.8303703703703704,0.4770278351999552,0.1532103896103896
PIMA,RF,2,7,691,77,0.7662337662337663,0.7774074074074073,0.7096774193548387,0.8807407407407407,0.53168727464995,0.13727402597402596
PIMA,RF,2,8,692,76,0.75,0.7361538461538462,0.6545454545454545,0.7923076923076924,0.4612631569755697,0.17182894736842105
PIMA,RF,2,9,692,76,0.75,0.7638461538461538,0.6885245901639344,0.7669230769230769,0.502257567553843,0.1857263157894737
PIMA,RF,3,0,691,77,0.8181818181818182,0.8174074074074074,0.7586206896551724,0.8455555555555556,0.6176666813419998,0.1444181818181818
PIMA,RF,3,1,691,77,0.7272727272727273,0.7559259259259259,0.6865671641791045,0.8251851851851851,0.4888552745746736,0.15848051948051947
PIMA,RF,3,2,691,77,0.7402597402597403,0.7403703703703703,0.6666666666666666,0.8255555555555556,0.46354777877784786,0.1607324675324675
PIMA,RF,3,3,691,77,0.7922077922077922,0.7974074074074073,0.7333333333333333,0.8659259259259259,0.5735421669624219,0.14185584415584415
PIMA,RF,3,4,691,77,0.7142857142857143,0.7544444444444445,0.6857142857142857,0.8744444444444444,0.4890082279140345,0.1427285714285714
PIMA,RF,3,5,691,77,0.7272727272727273,0.7218518518518519,0.6440677966101694,0.7548148148148148,0.4296142637737487,0.18903116883116886
PIMA,RF,3,6,691,77,0.7012987012987013,0.7274074074074074,0.6567164179104478,0.8414814814814814,0.43438080837749576,0.1545857142857143
PIMA,RF,3,7,691,77,0.8051948051948052,0.7818518518518518,0.7169811320754716,0.8522222222222222,0.5687822180346598,0.1510103896103896
PIMA,RF,3,8,692,76,0.7368421052631579,0.7446153846153847,0.6666666666666666,0.8161538461538461,0.46678977660158144,0.1635671052631579
PIMA,RF,3,9,692,76,0.6447368421052632,0.6469230769230769,0.5573770491803278,0.7580769230769231,0.2796827854308572,0.19568157894736843
PIMA,RF,4,0,691,77,0.6883116883116883,0.6918518518518519,0.6129032258064516,0.7366666666666667,0.3677089562999654,0.19441168831168834
PIMA,RF,4,1,691,77,0.8051948051948052,0.8074074074074074,0.7457627118644068,0.8777777777777778,0.5952918846948437,0.13986103896103896
PIMA,RF,4,2,691,77,0.8441558441558441,0.8629629629629629,0.8064516129032258,0.8962962962962963,0.6956655929999346,0.12405844155844153
PIMA,RF,4,3,691,77,0.7532467532467533,0.7333333333333334,0.6545454545454545,0.8081481481481481,0.4629100498862757,0.1650025974025974
PIMA,RF,4,4,691,77,0.8051948051948052,0.8244444444444444,0.7619047619047619,0.8818518518518519,0.6205746673816492,0.1403714285714286
PIMA,RF,4,5,691,77,0.7402597402597403,0.7488888888888889,0.6774193548387096,0.8166666666666667,0.4770278351999552,0.16799090909090908
PIMA,RF,4,6,691,77,0.6883116883116883,0.7259259259259259,0.6571428571428571,0.7925925925925925,0.43419944545496514,0.18214285714285713
PIMA,RF,4,7,691,77,0.8181818181818182,0.825925925925926,0.7666666666666667,0.8962962962962963,0.628539361054709,0.1281974025974026
PIMA,RF,4,8,692,76,0.7368421052631579,0.7353846153846153,0.6551724137931034,0.7826923076923078,0.4523539829316482,0.17426052631578948
PIMA,RF,4,9,692,76,0.7105263157894737,0.7153846153846153,0.6333333333333333,0.791923076923077,0.41100986619007174,0.17517105263157898
PIMA,XGB,0,0,691,77,0.7142857142857143,0.7203703703703703,0.6451612903225806,0.8296296296296296,0.4223683957499603,0.19158656895160675
PIMA,XGB,0,1,691,77,0.7662337662337663,0.7348148148148148,0.6538461538461539,0.8148148148148148,0.4785757597651158,0.18617472052574158
PIMA,XGB,0,2,691,77,0.6623376623376623,0.6207407407407407,0.5,0.7385185185185185,0.24608154208742547,0.24100269377231598
PIMA,XGB,0,3,691,77,0.8181818181818182,0.8003703703703704,0.7407407407407407,0.8896296296296295,0.6007407407407407,0.15102815628051758
PIMA,XGB,0,4,691,77,0.7792207792207793,0.7874074074074073,0.7213114754098361,0.8674074074074074,0.5523586388082835,0.13947109878063202
PIMA,XGB,0,5,691,77,0.7142857142857143,0.7033333333333334,0.6206896551724138,0.7740740740740741,0.39568145630893564,0.22966021299362183
PIMA,XGB,0,6,691,77,0.7272727272727273,0.7133333333333334,0.631578947368421,0.7414814814814814,0.417489966754203,0.2306923121213913
PIMA,XGB,0,7,691,77,0.7922077922077922,0.7974074074074073,0.7333333333333333,0.8296296296296295,0.5735421669624219,0.1748143881559372
PIMA,XGB,0,8,692,76,0.6973684210526315,0.6961538461538461,0.6101694915254238,0.7884615384615385,0.3754977181653353,0.19569994509220123
PIMA,XGB,0,9,692,76,0.6447368421052632,0.6192307692307693,0.509090909090909,0.686923076923077,0.23288530726779577,0.2557728588581085
PIMA,XGB,1,0,691,77,0.6493506493506493,0.6448148148148148,0.5573770491803278,0.7533333333333334,0.27831472651293665,0.23052693903446198
PIMA,XGB,1,1,691,77,0.6883116883116883,0.6662962962962963,0.5714285714285714,0.7459259259259259,0.3275366019667524,0.2527722120285034
PIMA,XGB,1,2,691,77,0.7012987012987013,0.7018518518518518,0.6229508196721312,0.7644444444444445,0.3879322914310754,0.213655024766922
PIMA,XGB,1,3,691,77,0.7142857142857143,0.6777777777777778,0.5769230769230769,0.7992592592592592,0.36232865092627065,0.19827383756637573
PIMA,XGB,1,4,691,77,0.7402597402597403,0.6977777777777778,0.6,0.8325925925925926,0.4123951744684367,0.1785655915737152
PIMA,XGB,1,5,691,77,0.7922077922077922,0.788888888888889,0.7241379310344828,0.8785185185185185,0.5621703750837337,0.14735113084316254
PIMA,XGB,1,6,691,77,0.7402597402597403,0.7574074074074073,0.6875,0.8274074074074075,0.49168511697452694,0.18626172840595245
PIMA,XGB,1,7,691,77,0.6883116883116883,0.6833333333333333,0.6,0.7933333333333333,0.3535533905932738,0.19989871978759766
PIMA,XGB,1,8,692,76,0.6842105263157895,0.676923076923077,0.5862068965517241,0.7576923076923077,0.3400046276937225,0.23287677764892578
PIMA,XGB,1,9,692,76,0.8421052631578947,0.8338461538461539,0.7777777777777778,0.8907692307692308,0.6566718729456507,0.13460779190063477
PIMA,XGB,2,0,691,77,0.7662337662337663,0.7518518518518519,0.6785714285714286,0.8096296296296296,0.49604652413672967,0.19015568494796753
PIMA,XGB,2,1,691,77,0.8051948051948052,0.7988888888888889,0.7368421052631579,0.8933333333333333,0.5849208388379199,0.1451728343963623
PIMA,XGB,2,2,691,77,0.7922077922077922,0.8059259259259259,0.7419354838709677,0.8355555555555555,0.5863467140999449,0.16368956863880157
PIMA,XGB,2,3,691,77,0.6883116883116883,0.6833333333333333,0.6,0.7185185185185186,0.3535533905932738,0.256008118391037
PIMA,XGB,2,4,691,77,0.7792207792207793,0.7618518518518518,0.6909090909090909,0.8014814814814815,0.519487944872376,0.1844537854194641
PIMA,XGB,2,5,691,77,0.7662337662337663,0.7603703703703704,0.6896551724137931,0.8244444444444444,0.5066740688254677,0.16193324327468872
PIMA,XGB,2,6,691,77,0.6883116883116883,0.6662962962962963,0.5714285714285714,0.7748148148148148,0.3275366019667524,0.21615362167358398
PIMA,XGB,2,7,691,77,0.8051948051948052,0.7988888888888889,0.7368421052631579,0.8496296296296296,0.5849208388379199,0.16077721118927002
PIMA,XGB,2,8,692,76,0.75,0.726923076923077,0.6415094339622641,0.8007692307692308,0.4498838606904829,0.1969357281923294
PIMA,XGB,2,9,692,76,0.6447368421052632,0.6561538461538461,0.5714285714285714,0.7284615384615385,0.2964293432888574,0.24870260059833527
PIMA,XGB,3,0,691,77,0.8051948051948052,0.7818518518518518,0.7169811320754716,0.854074074074074,0.5687822180346598,0.1468064934015274
PIMA,XGB,3,1,691,77,0.6753246753246753,0.6903703703703703,0.6153846153846154,0.7955555555555556,0.3633892979661664,0.21230420470237732
PIMA,XGB,3,2,691,77,0.6883116883116883,0.6748148148148148,0.5862068965517241,0.7481481481481481,0.3401851500506696,0.23907463252544403
PIMA,XGB,3,3,691,77,0.7662337662337663,0.7433333333333333,0.6666666666666666,0.8244444444444444,0.4866666666666667,0.1900886595249176
PIMA,XGB,3,4,691,77,0.7402597402597403,0.7488888888888889,0.6774193548387096,0.8214814814814815,0.4770278351999552,0.18700000643730164
PIMA,XGB,3,5,691,77,0.6883116883116883,0.6662962962962963,0.5714285714285714,0.7229629629629629,0.3275366019667524,0.23740223050117493
PIMA,XGB,3,6,691,77,0.7532467532467533,0.7674074074074073,0.6984126984126984,0.8651851851851852,0.5114782075908113,0.1618042141199112
PIMA,XGB,3,7,691,77,0.7662337662337663,0.7262962962962962,0.64,0.8466666666666667,0.47186039625508397,0.17899201810359955
PIMA,XGB,3,8,692,76,0.6973684210526315,0.6592307692307693,0.5490196078431373,0.8130769230769231,0.3215685538755756,0.2174200564622879
PIMA,XGB,3,9,692,76,0.6973684210526315,0.686923076923077,0.5964912280701754,0.7461538461538462,0.3608921946768315,0.2315046340227127
PIMA,XGB,4,0,691,77,0.7142857142857143,0.7033333333333334,0.6206896551724138,0.7874074074074073,0.39568145630893564,0.2027697116136551
PIMA,XGB,4,1,691,77,0.7922077922077922,0.7718518518518518,0.7037037037037037,0.857037037037037,0.5437037037037037,0.17494484782218933
PIMA,XGB,4,2,691,77,0.7792207792207793,0.7618518518518518,0.6909090909090909,0.8770370370370371,0.519487944872376,0.14897483587265015
PIMA,XGB,4,3,691,77,0.7532467532467533,0.7248148148148148,0.6415094339622641,0.837037037037037,0.4536804288397352,0.18253780901432037
PIMA,XGB,4,4,691,77,0.7402597402597403,0.7318518518518519,0.6551724137931034,0.8385185185185184,0.4511777625672017,0.17493538558483124
PIMA,XGB,4,5,691,77,0.7272727272727273,0.7133333333333334,0.631578947368421,0.8140740740740741,0.417489966754203,0.19789281487464905
PIMA,XGB,4,6,691,77,0.7142857142857143,0.7288888888888889,0.65625,0.7837037037037037,0.43721065077734916,0.23610422015190125
PIMA,XGB,4,7,691,77,0.8181818181818182,0.8429629629629629,0.78125,0.8718518518518519,0.6551085155660604,0.1446422040462494
PIMA,XGB,4,8,692,76,0.631578947368421,0.6092307692307692,0.5,0.6900000000000001,0.21203478816820132,0.2653545141220093
PIMA,XGB,4,9,692,76,0.7368421052631579,0.716923076923077,0.6296296296296297,0.7723076923076924,0.4266854105315057,0.19611871242523193
PIMA,SVM,0,0,691,77,0.6883116883116883,0.7088888888888889,0.6363636363636364,0.8274074074074074,0.39873845146482073,0.16252049620840378
PIMA,SVM,0,1,691,77,0.7402597402597403,0.7233333333333334,0.6428571428571429,0.8348148148148148,0.4398765500800706,0.16355928323268268
PIMA,SVM,0,2,691,77,0.7142857142857143,0.7118518518518518,0.6333333333333333,0.7799999999999999,0.4085505846855608,0.1839293371992056
PIMA,SVM,0,3,691,77,0.8831168831168831,0.8503703703703703,0.8163265306122449,0.914074074074074,0.7401701506085286,0.116334861086984
PIMA,SVM,0,4,691,77,0.7142857142857143,0.6948148148148148,0.6071428571428571,0.8074074074074074,0.3837065760234115,0.16619547135022028
PIMA,SVM,0,5,691,77,0.7402597402597403,0.7233333333333334,0.6428571428571429,0.845925925925926,0.4398765500800706,0.16364153674912202
PIMA,SVM,0,6,691,77,0.7662337662337663,0.7348148148148148,0.6538461538461539,0.8140740740740741,0.4785757597651158,0.1733462624795454
PIMA,SVM,0,7,691,77,0.7662337662337663,0.768888888888889,0.7,0.8296296296296295,0.5185449728701349,0.15799313106073584
PIMA,SVM,0,8,692,76,0.7368421052631579,0.7538461538461538,0.6774193548387096,0.8415384615384616,0.48238191061886604,0.15630542495726407
PIMA,SVM,0,9,692,76,0.6578947368421053,0.6292307692307693,0.5185185185185185,0.7623076923076924,0.254195563720897,0.1916863421680289
PIMA,SVM,1,0,691,77,0.7142857142857143,0.7033333333333334,0.6206896551724138,0.7948148148148149,0.39568145630893564,0.17878242384047588
PIMA,SVM,1,1,691,77,0.6753246753246753,0.6562962962962963,0.5614035087719298,0.7251851851851853,0.3058693853650585,0.2281195529599929
PIMA,SVM,1,2,691,77,0.8051948051948052,0.7988888888888889,0.7368421052631579,0.8540740740740741,0.5849208388379199,0.14684464373124317
PIMA,SVM,1,3,691,77,0.7662337662337663,0.7603703703703704,0.6896551724137931,0.8503703703703704,0.5066740688254677,0.15877631885056936
PIMA,SVM,1,4,691,77,0.7402597402597403,0.6892592592592592,0.5833333333333334,0.8288888888888889,0.40555555555555556,0.17961695890558438
PIMA,SVM,1,5,691,77,0.8441558441558441,0.845925925925926,0.7931034482758621,0.9222222222222223,0.6731629876002658,0.10873264577147294
PIMA,SVM,1,6,691,77,0.7272727272727273,0.7644444444444445,0.6956521739130435,0.8614814814814815,0.5068420748999524,0.14777540454127877
PIMA,SVM,1,7,691,77,0.7532467532467533,0.7248148148148148,0.6415094339622641,0.7785185185185184,0.4536804288397352,0.18836041441490534
PIMA,SVM,1,8,692,76,0.7368421052631579,0.7076923076923077,0.6153846153846154,0.8084615384615385,0.4153846153846154,0.17325949907121965
PIMA,SVM,1,9,692,76,0.7894736842105263,0.7661538461538462,0.6923076923076923,0.8730769230769232,0.5323076923076923,0.13781922661108123
PIMA,SVM,2,0,691,77,0.7402597402597403,0.6977777777777778,0.6,0.8607407407407407,0.4123951744684367,0.16008670973674521
PIMA,SVM,2,1,691,77,0.7532467532467533,0.7418518518518519,0.6666666666666666,0.8644444444444445,0.4733002574487753,0.15346804991873333
PIMA,SVM,2,2,691,77,0.7532467532467533,0.7503703703703704,0.6779661016949152,0.8340740740740741,0.4848401374141137,0.15693039212360677
PIMA,SVM,2,3,691,77,0.6623376623376623,0.6803703703703703,0.6060606060606061,0.7637037037037037,0.34430075507689306,0.19398702181603492
PIMA,SVM,2,4,691,77,0.7532467532467533,0.7162962962962962,0.6274509803921569,0.8303703703703704,0.44565871858907996,0.16905667235236796
PIMA,SVM,2,5,691,77,0.7922077922077922,0.7974074074074073,0.7333333333333333,0.8525925925925926,0.5735421669624219,0.14925524837780266
PIMA,SVM,2,6,691,77,0.7402597402597403,0.7233333333333334,0.6428571428571429,0.84,0.4398765500800706,0.1525890143710321
PIMA,SVM,2,7,691,77,0.8701298701298701,0.865925925925926,0.8214285714285714,0.9,0.7207264203633661,0.12493476871761036
PIMA,SVM,2,8,692,76,0.7236842105263158,0.6607692307692308,0.5333333333333333,0.8315384615384616,0.3522819383711917,0.17226975970498684
PIMA,SVM,2,9,692,76,0.7368421052631579,0.7353846153846153,0.6551724137931034,0.7992307692307692,0.4523539829316482,0.17614517010568018
PIMA,SVM,3,0,691,77,0.8051948051948052,0.7903703703703704,0.7272727272727273,0.8488888888888889,0.5760658398584765,0.14536020708148298
PIMA,SVM,3,1,691,77,0.7272727272727273,0.7303703703703703,0.6557377049180327,0.8144444444444444,0.4427410738901448,0.1671919301080606
PIMA,SVM,3,2,691,77,0.8051948051948052,0.7988888888888889,0.7368421052631579,0.8444444444444444,0.5849208388379199,0.1532909067528175
PIMA,SVM,3,3,691,77,0.7792207792207793,0.778888888888889,0.711864406779661,0.8503703703703704,0.5400660110544787,0.14622101239777158
PIMA,SVM,3,4,691,77,0.7532467532467533,0.7759259259259259,0.7076923076923077,0.8496296296296297,0.5267023871299493,0.1544338559617709
PIMA,SVM,3,5,691,77,0.7532467532467533,0.7162962962962962,0.6274509803921569,0.7777777777777777,0.44565871858907996,0.18400137239213496
PIMA,SVM,3,6,691,77,0.7662337662337663,0.768888888888889,0.7,0.8555555555555556,0.5185449728701349,0.14687653428312206
PIMA,SVM,3,7,691,77,0.8051948051948052,0.7733333333333333,0.7058823529411765,0.84,0.563178312189625,0.15033669807102687
PIMA,SVM,3,8,692,76,0.75,0.7176923076923076,0.6274509803921569,0.8261538461538462,0.43963237075742945,0.17079717748579146
PIMA,SVM,3,9,692,76,0.6578947368421053,0.6384615384615384,0.5357142857142857,0.7484615384615385,0.26877649204419884,0.20371872484018752
PIMA,SVM,4,0,691,77,0.6233766233766234,0.6077777777777778,0.5084745762711864,0.7414814814814814,0.20871076921228857,0.18944196390596432
PIMA,SVM,4,1,691,77,0.7792207792207793,0.7618518518518518,0.6909090909090909,0.885925925925926,0.519487944872376,0.1422689779528025
PIMA,SVM,4,2,691,77,0.8051948051948052,0.7988888888888889,0.7368421052631579,0.8814814814814815,0.5849208388379199,0.13394273036301352
PIMA,SVM,4,3,691,77,0.7532467532467533,0.7248148148148148,0.6415094339622641,0.8455555555555556,0.4536804288397352,0.1535475192296346
PIMA,SVM,4,4,691,77,0.7532467532467533,0.7418518518518519,0.6666666666666666,0.8651851851851853,0.4733002574487753,0.15290020985154376
PIMA,SVM,4,5,691,77,0.7662337662337663,0.768888888888889,0.7,0.8511111111111112,0.5185449728701349,0.1573533480041698
PIMA,SVM,4,6,691,77,0.7012987012987013,0.7018518518518518,0.6229508196721312,0.7666666666666666,0.3879322914310754,0.2027583573609194
PIMA,SVM,4,7,691,77,0.8181818181818182,0.8174074074074074,0.7586206896551724,0.8948148148148148,0.6176666813419998,0.1321981521796286
PIMA,SVM,4,8,692,76,0.75,0.7453846153846153,0.6666666666666666,0.7692307692307692,0.47376382757987345,0.17669731501436478
PIMA,SVM,4,9,692,76,0.6973684210526315,0.686923076923077,0.5964912280701754,0.7976923076923077,0.3608921946768315,0.17539534023571018
PIMA,MLP,0,0,691,77,0.7012987012987013,0.6762962962962963,0.5818181818181818,0.7481481481481482,0.349754259914075,0.2758271171165892
PIMA,MLP,0,1,691,77,0.6753246753246753,0.6477777777777778,0.5454545454545454,0.6911111111111111,0.2931763649279746,0.3111574125649656
PIMA,MLP,0,2,691,77,0.6233766233766234,0.5907407407407407,0.4727272727272727,0.6881481481481482,0.1800205749557739,0.3169181046607699
PIMA,MLP,0,3,691,77,0.7402597402597403,0.7233333333333334,0.6428571428571429,0.8133333333333332,0.4398765500800706,0.21132139717642215
PIMA,MLP,0,4,691,77,0.7532467532467533,0.7333333333333334,0.6545454545454545,0.7748148148148148,0.4629100498862757,0.2024687514474925
PIMA,MLP,0,5,691,77,0.7662337662337663,0.7518518518518519,0.6785714285714286,0.8244444444444444,0.49604652413672967,0.21131981613050554
PIMA,MLP,0,6,691,77,0.7272727272727273,0.6962962962962963,0.6037735849056604,0.7999999999999999,0.3961295342422729,0.23601025762222352
PIMA,MLP,0,7,691,77,0.7142857142857143,0.6862962962962963,0.5925925925925926,0.7859259259259259,0.3725925925925926,0.24321801704380483
PIMA,MLP,0,8,692,76,0.7105263157894737,0.6876923076923077,0.5925925925925926,0.78,0.3691887949279695,0.23391172738704233
PIMA,MLP,0,9,692,76,0.6710526315789473,0.6576923076923077,0.5614035087719298,0.7092307692307692,0.3044563782253105,0.29219560916923326
PIMA,MLP,1,0,691,77,0.6623376623376623,0.6377777777777778,0.5357142857142857,0.7007407407407407,0.2713666279100933,0.29553854231580234
PIMA,MLP,1,1,691,77,0.5974025974025974,0.5622222222222222,0.43636363636363634,0.5955555555555555,0.12344267996967352,0.38024909685032643
PIMA,MLP,1,2,691,77,0.7142857142857143,0.6862962962962963,0.5925925925925926,0.782962962962963,0.3725925925925926,0.22547240891557485
PIMA,MLP,1,3,691,77,0.8051948051948052,0.7988888888888889,0.7368421052631579,0.7888888888888889,0.5849208388379199,0.20256472078439863
PIMA,MLP,1,4,691,77,0.8181818181818182,0.7748148148148148,0.7083333333333334,0.8503703703703704,0.5888888888888889,0.15796510549465748
PIMA,MLP,1,5,691,77,0.7922077922077922,0.7803703703703704,0.7142857142857143,0.84,0.5522164981933888,0.18197472161174116
PIMA,MLP,1,6,691,77,0.7532467532467533,0.758888888888889,0.6885245901639344,0.8177777777777777,0.4975498563492141,0.22590856330709225
PIMA,MLP,1,7,691,77,0.6363636363636364,0.6007407407407407,0.48148148148148145,0.6777777777777778,0.20148148148148148,0.3156855988131626
PIMA,MLP,1,8,692,76,0.6842105263157895,0.6584615384615384,0.5555555555555556,0.7515384615384616,0.31169217932443327,0.27933068681773027
PIMA,MLP,1,9,692,76,0.8157894736842105,0.8138461538461539,0.75,0.8384615384615386,0.609226715300184,0.17410468313591332
PIMA,MLP,2,0,691,77,0.7012987012987013,0.6422222222222222,0.5106382978723404,0.7518518518518519,0.30953653338027165,0.25737628191971834
PIMA,MLP,2,1,691,77,0.7922077922077922,0.7718518518518518,0.7037037037037037,0.8274074074074075,0.5437037037037037,0.19054813165477555
PIMA,MLP,2,2,691,77,0.6493506493506493,0.6277777777777778,0.5263157894736842,0.7318518518518519,0.2500590946704862,0.284132779099804
PIMA,MLP,2,3,691,77,0.6883116883116883,0.6833333333333333,0.6,0.7177777777777777,0.3535533905932738,0.28361596338246586
PIMA,MLP,2,4,691,77,0.7012987012987013,0.6592592592592592,0.5490196078431373,0.7748148148148148,0.32813912498853487,0.24905143853151526
PIMA,MLP,2,5,691,77,0.7662337662337663,0.7518518518518519,0.6785714285714286,0.8066666666666666,0.49604652413672967,0.21511690719670148
PIMA,MLP,2,6,691,77,0.7662337662337663,0.7433333333333333,0.6666666666666666,0.8118518518518518,0.4866666666666667,0.2247223595281619
PIMA,MLP,2,7,691,77,0.7792207792207793,0.7703703703703704,0.7017543859649122,0.8037037037037037,0.5291105481433476,0.20199424693603416
PIMA,MLP,2,8,692,76,0.7368421052631579,0.6892307692307692,0.5833333333333334,0.7523076923076923,0.3958997306599194,0.246943694442888
PIMA,MLP,2,9,692,76,0.6447368421052632,0.6561538461538461,0.5714285714285714,0.7415384615384615,0.2964293432888574,0.2648515786274045
PIMA,MLP,3,0,691,77,0.6753246753246753,0.6562962962962963,0.5614035087719298,0.7540740740740741,0.3058693853650585,0.2558287330358246
PIMA,MLP,3,1,691,77,0.7662337662337663,0.7603703703703704,0.6896551724137931,0.817037037037037,0.5066740688254677,0.2244498659225326
PIMA,MLP,3,2,691,77,0.7792207792207793,0.7533333333333333,0.6792452830188679,0.7703703703703704,0.5112313234371975,0.21449720771886377
PIMA,MLP,3,3,691,77,0.7142857142857143,0.6692592592592592,0.56,0.7407407407407407,0.3529299526817895,0.2732055592848102
PIMA,MLP,3,4,691,77,0.7142857142857143,0.7288888888888889,0.65625,0.7822222222222222,0.43721065077734916,0.24389689899423603
PIMA,MLP,3,5,691,77,0.7532467532467533,0.7333333333333334,0.6545454545454545,0.7748148148148148,0.4629100498862757,0.2323336131193048
PIMA,MLP,3,6,691,77,0.7012987012987013,0.6933333333333334,0.6101694915254238,0.7266666666666666,0.37438839013338365,0.26670529110079677
PIMA,MLP,3,7,691,77,0.7142857142857143,0.6607407407407407,0.5416666666666666,0.6940740740740741,0.34444444444444444,0.26924647288055886
PIMA,MLP,3,8,692,76,0.7631578947368421,0.7184615384615385,0.625,0.8223076923076923,0.4570549736073866,0.21285598897879918
PIMA,MLP,3,9,692,76,0.6842105263157895,0.6584615384615384,0.5555555555555556,0.7430769230769231,0.31169217932443327,0.29305019043808944
PIMA,MLP,4,0,691,77,0.7142857142857143,0.6862962962962963,0.5925925925925926,0.7244444444444444,0.3725925925925926,0.23411293407570444
PIMA,MLP,4,1,691,77,0.7402597402597403,0.7233333333333334,0.6428571428571429,0.8177777777777777,0.4398765500800706,0.2157003046167985
PIMA,MLP,4,2,691,77,0.7012987012987013,0.6677777777777778,0.5660377358490566,0.7874074074074074,0.3385786396448106,0.2255689713193559
PIMA,MLP,4,3,691,77,0.7922077922077922,0.7462962962962962,0.6666666666666666,0.8318518518518518,0.5277777777777778,0.1859797873476464
PIMA,MLP,4,4,691,77,0.6753246753246753,0.6648148148148147,0.576271186440678,0.7325925925925927,0.31916251649301863,0.25852625456665573
PIMA,MLP,4,5,691,77,0.6753246753246753,0.6648148148148147,0.576271186440678,0.7466666666666667,0.31916251649301863,0.3036978132761869
PIMA,MLP,4,6,691,77,0.6363636363636364,0.6348148148148148,0.5483870967741935,0.7044444444444444,0.2583900773999757,0.3239861350042
PIMA,MLP,4,7,691,77,0.7402597402597403,0.7233333333333334,0.6428571428571429,0.8562962962962963,0.4398765500800706,0.20378446107175716
PIMA,MLP,4,8,692,76,0.6710526315789473,0.6392307692307693,0.5283018867924528,0.683076923076923,0.2760304365592454,0.2925286369448285
PIMA,MLP,4,9,692,76,0.7763157894736842,0.7469230769230769,0.6666666666666666,0.7715384615384616,0.4986642791983564,0.2146420302336906
PIMA,NB,0,0,691,77,0.7142857142857143,0.7118518518518518,0.6333333333333333,0.8222222222222222,0.4085505846855608,0.2005714985946538
PIMA,NB,0,1,691,77,0.7012987012987013,0.6592592592592592,0.5490196078431373,0.7570370370370371,0.32813912498853487,0.22649649635638514
PIMA,NB,0,2,691,77,0.7402597402597403,0.7062962962962962,0.6153846153846154,0.7718518518518518,0.4204522053456932,0.1903099540871935
PIMA,NB,0,3,691,77,0.8831168831168831,0.8674074074074074,0.8301886792452831,0.9355555555555556,0.7414349018270466,0.09520197470393299
PIMA,NB,0,4,691,77,0.7532467532467533,0.7418518518518519,0.6666666666666666,0.8318518518518518,0.4733002574487753,0.1663747958916222
PIMA,NB,0,5,691,77,0.7272727272727273,0.7048148148148148,0.6181818181818182,0.8266666666666667,0.4063321549001754,0.17123171740387574
PIMA,NB,0,6,691,77,0.7532467532467533,0.7162962962962962,0.6274509803921569,0.8296296296296296,0.44565871858907996,0.18381607491036892
PIMA,NB,0,7,691,77,0.6623376623376623,0.6462962962962963,0.5517241379310345,0.7940740740740742,0.2846888437924036,0.22788083516056168
PIMA,NB,0,8,692,76,0.7236842105263158,0.7438461538461538,0.6666666666666666,0.8476923076923077,0.4628970533131418,0.17005772116341142
PIMA,NB,0,9,692,76,0.6973684210526315,0.6684615384615384,0.5660377358490566,0.7115384615384616,0.3339815779363246,0.24190809794771098
PIMA,NB,1,0,691,77,0.7272727272727273,0.6962962962962963,0.6037735849056604,0.7733333333333334,0.3961295342422729,0.20279120126330158
PIMA,NB,1,1,691,77,0.7272727272727273,0.7048148148148148,0.6181818181818182,0.7792592592592593,0.4063321549001754,0.2147941831009914
PIMA,NB,1,2,691,77,0.7532467532467533,0.7248148148148148,0.6415094339622641,0.8214814814814815,0.4536804288397352,0.16118207027535983
PIMA,NB,1,3,691,77,0.7792207792207793,0.7618518518518518,0.6909090909090909,0.8607407407407407,0.519487944872376,0.15985164569277183
PIMA,NB,1,4,691,77,0.6883116883116883,0.6322222222222222,0.5,0.8059259259259259,0.2833333333333333,0.2081261364200686
PIMA,NB,1,5,691,77,0.8051948051948052,0.8074074074074074,0.7457627118644068,0.8844444444444444,0.5952918846948437,0.13247758624627573
PIMA,NB,1,6,691,77,0.7272727272727273,0.7644444444444445,0.6956521739130435,0.8333333333333333,0.5068420748999524,0.19119002001012161
PIMA,NB,1,7,691,77,0.7012987012987013,0.7018518518518518,0.6229508196721312,0.7718518518518518,0.3879322914310754,0.20801807544737164
PIMA,NB,1,8,692,76,0.6842105263157895,0.6492307692307693,0.5384615384615384,0.7684615384615385,0.29846153846153844,0.21997182435332707
PIMA,NB,1,9,692,76,0.7894736842105263,0.7661538461538462,0.6923076923076923,0.866153846153846,0.5323076923076923,0.15901900359509558
PIMA,NB,2,0,691,77,0.7792207792207793,0.7618518518518518,0.6909090909090909,0.8555555555555555,0.519487944872376,0.15076103322323334
PIMA,NB,2,1,691,77,0.7012987012987013,0.7188888888888889,0.6461538461538462,0.8192592592592592,0.41782699435409404,0.1992463258974161
PIMA,NB,2,2,691,77,0.7272727272727273,0.7218518518518519,0.6440677966101694,0.797037037037037,0.4296142637737487,0.1883931818315352
PIMA,NB,2,3,691,77,0.6883116883116883,0.6918518518518519,0.6129032258064516,0.7666666666666666,0.3677089562999654,0.22176943236831234
PIMA,NB,2,4,691,77,0.7662337662337663,0.7177777777777778,0.625,0.84,0.4666666666666667,0.16994028673432962
PIMA,NB,2,5,691,77,0.7402597402597403,0.7403703703703703,0.6666666666666666,0.7933333333333333,0.46354777877784786,0.19381151505134997
PIMA,NB,2,6,691,77,0.7662337662337663,0.7348148148148148,0.6538461538461539,0.8385185185185186,0.4785757597651158,0.16686264326662015
PIMA,NB,2,7,691,77,0.8051948051948052,0.7818518518518518,0.7169811320754716,0.8970370370370371,0.5687822180346598,0.12774919723799158
PIMA,NB,2,8,692,76,0.7105263157894737,0.6507692307692308,0.5217391304347826,0.7923076923076923,0.32486683662457994,0.21615791710385715
PIMA,NB,2,9,692,76,0.6973684210526315,0.6684615384615384,0.5660377358490566,0.7815384615384615,0.3339815779363246,0.2037175070209357
PIMA,NB,3,0,691,77,0.7402597402597403,0.6807407407407408,0.5652173913043478,0.7918518518518518,0.4000940939272025,0.19649591093065363
PIMA,NB,3,1,691,77,0.7792207792207793,0.7618518518518518,0.6909090909090909,0.8451851851851853,0.519487944872376,0.16748659255651427
PIMA,NB,3,2,691,77,0.7532467532467533,0.7333333333333334,0.6545454545454545,0.8362962962962963,0.4629100498862757,0.1703280023802848
PIMA,NB,3,3,691,77,0.7662337662337663,0.768888888888889,0.7,0.8540740740740741,0.5185449728701349,0.14696215839102916
PIMA,NB,3,4,691,77,0.7272727272727273,0.7474074074074074,0.676923076923077,0.8488888888888889,0.4722646907420217,0.17649975413798738
PIMA,NB,3,5,691,77,0.7402597402597403,0.6977777777777778,0.6,0.7555555555555555,0.4123951744684367,0.2185339515607856
PIMA,NB,3,6,691,77,0.7662337662337663,0.7518518518518519,0.6785714285714286,0.8859259259259259,0.49604652413672967,0.13486468834403362
PIMA,NB,3,7,691,77,0.7662337662337663,0.7433333333333333,0.6666666666666666,0.8496296296296296,0.4866666666666667,0.15459310337763657
PIMA,NB,3,8,692,76,0.6842105263157895,0.6676923076923077,0.5714285714285714,0.7669230769230769,0.3255181959201964,0.22179511914648706
PIMA,NB,3,9,692,76,0.6710526315789473,0.63,0.5098039215686274,0.71,0.26253664543464866,0.26741978213241496
PIMA,NB,4,0,691,77,0.7142857142857143,0.6777777777777778,0.5769230769230769,0.7340740740740741,0.36232865092627065,0.20641553551149525
PIMA,NB,4,1,691,77,0.7792207792207793,0.7703703703703704,0.7017543859649122,0.8681481481481481,0.5291105481433476,0.1507593175940774
PIMA,NB,4,2,691,77,0.7922077922077922,0.788888888888889,0.7241379310344828,0.8696296296296295,0.5621703750837337,0.1480117552239903
PIMA,NB,4,3,691,77,0.7532467532467533,0.7162962962962962,0.6274509803921569,0.817037037037037,0.44565871858907996,0.17232499095923318
PIMA,NB,4,4,691,77,0.7532467532467533,0.7248148148148148,0.6415094339622641,0.8562962962962963,0.4536804288397352,0.1607798609978768
PIMA,NB,4,5,691,77,0.7272727272727273,0.7133333333333334,0.631578947368421,0.8281481481481481,0.417489966754203,0.18860725000546957
PIMA,NB,4,6,691,77,0.5974025974025974,0.6133333333333333,0.5373134328358209,0.7377777777777778,0.21648294358878453,0.27780104974607656
PIMA,NB,4,7,691,77,0.7792207792207793,0.7277777777777779,0.6382978723404256,0.8481481481481481,0.4957421042418413,0.15554452953109757
PIMA,NB,4,8,692,76,0.7631578947368421,0.7369230769230769,0.6538461538461539,0.7946153846153846,0.47384615384615386,0.18330797634967183
PIMA,NB,4,9,692,76,0.6973684210526315,0.6961538461538461,0.6101694915254238,0.786923076923077,0.3754977181653353,0.20472455014888724
HEART,LR,0,0,272,31,0.8064516129032258,0.7983193277310925,0.7692307692307693,0.9033613445378151,0.6095824321285693,0.13233499821351324
HEART,LR,0,1,272,31,0.8387096774193549,0.8466386554621849,0.8387096774193549,0.9789915966386554,0.6932773109243697,0.07674368500796397
HEART,LR,0,2,272,31,0.8387096774193549,0.8340336134453781,0.8148148148148148,0.8697478991596639,0.6737530079397209,0.13185407478094716
HEART,LR,0,3,273,30,0.8333333333333334,0.8348416289592759,0.8148148148148148,0.8959276018099548,0.6651836553993731,0.13039750904103806
HEART,LR,0,4,273,30,0.8,0.8035714285714286,0.8,0.9241071428571428,0.6071428571428571,0.11247916759162739
HEART,LR,0,5,273,30,0.7666666666666667,0.7589285714285714,0.72,0.8482142857142857,0.5361185533187384,0.16103842791054304
HEART,LR,0,6,273,30,0.8666666666666667,0.8660714285714286,0.8571428571428571,0.9732142857142857,0.7321428571428571,0.07000508051367554
HEART,LR,0,7,273,30,0.7666666666666667,0.7633928571428572,0.7407407407407407,0.875,0.5303491306562569,0.1629575628547168
HEART,LR,0,8,273,30,0.9333333333333333,0.9285714285714286,0.9230769230769231,0.9375,0.8728715609439694,0.07322575989306597
HEART,LR,0,9,273,30,0.8333333333333334,0.8258928571428572,0.8,0.8616071428571428,0.6747699033149638,0.15509660320834867
HEART,LR,1,0,272,31,0.9032258064516129,0.9117647058823529,0.9032258064516129,0.9873949579831932,0.8235294117647058,0.05896309375135323
HEART,LR,1,1,272,31,0.8064516129032258,0.8109243697478992,0.8,0.9369747899159664,0.619252282479235,0.1002015443553648
HEART,LR,1,2,272,31,0.8064516129032258,0.7983193277310925,0.7692307692307693,0.8739495798319327,0.6095824321285693,0.14309293775690574
HEART,LR,1,3,273,30,0.8,0.7963800904977376,0.7692307692307693,0.8371040723981901,0.5927601809954751,0.1574857086990219
HEART,LR,1,4,273,30,0.8666666666666667,0.8616071428571428,0.8461538461538461,0.9285714285714286,0.7364853795464743,0.09266805850081301
HEART,LR,1,5,273,30,0.9,0.9017857142857143,0.896551724137931,0.9017857142857143,0.8017837257372731,0.1091208441715749
HEART,LR,1,6,273,30,0.8666666666666667,0.8660714285714286,0.8571428571428571,0.9196428571428571,0.7321428571428571,0.10138609490542275
HEART,LR,1,7,273,30,0.6666666666666666,0.6696428571428572,0.6666666666666666,0.8080357142857143,0.3392857142857143,0.21508596723536977
HEART,LR,1,8,273,30,0.8,0.7901785714285714,0.75,0.9508928571428572,0.6141922686399942,0.11192355440323523
HEART,LR,1,9,273,30,0.8,0.7991071428571428,0.7857142857142857,0.9285714285714286,0.5982142857142857,0.11609846026950658
HEART,LR,2,0,272,31,0.8387096774193549,0.8277310924369747,0.8,0.8949579831932774,0.6817494235765678,0.12747963980178836
HEART,LR,2,1,272,31,0.9032258064516129,0.8991596638655461,0.8888888888888888,0.9789915966386554,0.805113657286459,0.05999606104519088
HEART,LR,2,2,272,31,0.8387096774193549,0.8340336134453781,0.8148148148148148,0.9117647058823528,0.6737530079397209,0.12742306519169844
HEART,LR,2,3,273,30,0.9333333333333333,0.9411764705882353,0.9285714285714286,0.9909502262443439,0.8744746321952062,0.049563629499337326
HEART,LR,2,4,273,30,0.7,0.6964285714285714,0.6666666666666666,0.8125,0.39551460591314075,0.18784720480415049
HEART,LR,2,5,273,30,0.8,0.7946428571428572,0.7692307692307693,0.8616071428571428,0.600099198148979,0.14897506822563455
HEART,LR,2,6,273,30,0.9,0.8973214285714286,0.8888888888888888,0.9553571428571428,0.8000181801424892,0.09468198027728919
HEART,LR,2,7,273,30,0.8333333333333334,0.8348214285714286,0.8275862068965517,0.8928571428571428,0.6681531047810609,0.12223268210187051
HEART,LR,2,8,273,30,0.8666666666666667,0.875,0.875,0.9419642857142857,0.7637626158259733,0.11319230027476199
HEART,LR,2,9,273,30,0.8333333333333334,0.8258928571428572,0.8,0.8660714285714286,0.6747699033149638,0.13095908094976427
HEART,LR,3,0,272,31,0.9032258064516129,0.9054621848739496,0.896551724137931,0.9915966386554622,0.8075384494492727,0.05780182163641014
HEART,LR,3,1,272,31,0.9032258064516129,0.8991596638655461,0.8888888888888888,0.9159663865546218,0.805113657286459,0.10016086013220978
HEART,LR,3,2,272,31,0.9032258064516129,0.9117647058823529,0.9032258064516129,0.9621848739495797,0.8235294117647058,0.08522417899443423
HEART,LR,3,3,273,30,0.8666666666666667,0.8552036199095023,0.8333333333333334,0.9683257918552036,0.7305170766586324,0.0770515125002544
HEART,LR,3,4,273,30,0.7333333333333333,0.7232142857142857,0.6666666666666666,0.8348214285714286,0.472455591261534,0.18880964922147747
HEART,LR,3,5,273,30,0.9,0.8928571428571428,0.88,0.9107142857142857,0.8134212533111892,0.10670927454665288
HEART,LR,3,6,273,30,0.8,0.8035714285714286,0.8,0.8794642857142857,0.6071428571428571,0.16120559519002955
HEART,LR,3,7,273,30,0.7666666666666667,0.7633928571428572,0.7407407407407407,0.8794642857142857,0.5303491306562569,0.14471795588325045
HEART,LR,3,8,273,30,0.9333333333333333,0.9330357142857143,0.9285714285714286,0.9776785714285714,0.8660714285714286,0.07446606280422101
HEART,LR,3,9,273,30,0.6666666666666666,0.6651785714285714,0.6428571428571429,0.7857142857142857,0.33035714285714285,0.23081350792461636
HEART,LR,4,0,272,31,0.7419354838709677,0.7457983193277311,0.7333333333333333,0.8529411764705882,0.48954403412209796,0.18924639490218692
HEART,LR,4,1,272,31,0.8709677419354839,0.8697478991596639,0.8571428571428571,0.9747899159663865,0.7394957983193278,0.0646079161240535
HEART,LR,4,2,272,31,0.8709677419354839,0.8760504201680672,0.8666666666666667,0.8781512605042018,0.7489605308363722,0.12280903489481258
HEART,LR,4,3,273,30,0.8,0.8054298642533937,0.7857142857142857,0.9140271493212669,0.6054055145966812,0.11943593668370373
HEART,LR,4,4,273,30,0.8,0.7857142857142857,0.7272727272727273,0.9330357142857143,0.6446583712203042,0.1361144292743965
HEART,LR,4,5,273,30,0.9666666666666667,0.96875,0.9655172413793104,0.9955357142857143,0.9354143466934853,0.05176002630014863
HEART,LR,4,6,273,30,0.7333333333333333,0.7321428571428572,0.7142857142857143,0.8169642857142858,0.4642857142857143,0.17312853716081106
HEART,LR,4,7,273,30,0.8666666666666667,0.8660714285714286,0.8571428571428571,0.9776785714285714,0.7321428571428571,0.06052976391941047
HEART,LR,4,8,273,30,0.8333333333333334,0.8303571428571428,0.8148148148148148,0.8794642857142857,0.6651836553993731,0.13652323138479494
HEART,LR,4,9,273,30,0.8666666666666667,0.8616071428571428,0.8461538461538461,0.9107142857142857,0.7364853795464743,0.1175870964318214
HEART,RF,0,0,272,31,0.8709677419354839,0.8760504201680672,0.8666666666666667,0.9348739495798319,0.7489605308363722,0.10805161290322582
HEART,RF,0,1,272,31,0.8709677419354839,0.8571428571428572,0.8333333333333334,0.9537815126050421,0.7604152106033959,0.09491290322580645
HEART,RF,0,2,272,31,0.7741935483870968,0.7815126050420168,0.7741935483870968,0.8613445378151261,0.5630252100840336,0.14910967741935485
HEART,RF,0,3,273,30,0.8333333333333334,0.8348416289592759,0.8148148148148148,0.8778280542986425,0.6651836553993731,0.14145999999999997
HEART,RF,0,4,273,30,0.8,0.8035714285714286,0.8,0.9040178571428571,0.6071428571428571,0.1402533333333333
HEART,RF,0,5,273,30,0.8333333333333334,0.8303571428571428,0.8148148148148148,0.8348214285714285,0.6651836553993731,0.16037666666666667
HEART,RF,0,6,273,30,0.9,0.8928571428571428,0.88,0.9508928571428571,0.8134212533111892,0.10500333333333334
HEART,RF,0,7,273,30,0.8333333333333334,0.8348214285714286,0.8275862068965517,0.8928571428571428,0.6681531047810609,0.13476666666666665
HEART,RF,0,8,273,30,0.9333333333333333,0.9285714285714286,0.9230769230769231,0.9642857142857143,0.8728715609439694,0.08819333333333333
HEART,RF,0,9,273,30,0.7666666666666667,0.7633928571428572,0.7407407407407407,0.890625,0.5303491306562569,0.14921333333333334
HEART,RF,1,0,272,31,0.9032258064516129,0.9054621848739496,0.896551724137931,0.9873949579831933,0.8075384494492727,0.07632580645161291
HEART,RF,1,1,272,31,0.8709677419354839,0.8760504201680672,0.8666666666666667,0.9411764705882353,0.7489605308363722,0.10560967741935484
HEART,RF,1,2,272,31,0.8064516129032258,0.8109243697478992,0.8,0.9474789915966387,0.619252282479235,0.10222903225806451
HEART,RF,1,3,273,30,0.8666666666666667,0.8552036199095023,0.8333333333333334,0.8371040723981901,0.7305170766586324,0.14317666666666667
HEART,RF,1,4,273,30,0.8333333333333334,0.8348214285714286,0.8275862068965517,0.9151785714285714,0.6681531047810609,0.12219
HEART,RF,1,5,273,30,0.8666666666666667,0.8705357142857143,0.8666666666666667,0.9107142857142857,0.7410714285714286,0.12097333333333334
HEART,RF,1,6,273,30,0.8666666666666667,0.8660714285714286,0.8571428571428571,0.9553571428571428,0.7321428571428571,0.09301
HEART,RF,1,7,273,30,0.6666666666666666,0.6651785714285714,0.6428571428571429,0.7455357142857142,0.33035714285714285,0.2070433333333333
HEART,RF,1,8,273,30,0.8333333333333334,0.8258928571428572,0.8,0.9464285714285714,0.6747699033149638,0.11313333333333331
HEART,RF,1,9,273,30,0.7333333333333333,0.7321428571428572,0.7142857142857143,0.796875,0.4642857142857143,0.17886
HEART,RF,2,0,272,31,0.8709677419354839,0.8634453781512605,0.8461538461538461,0.9600840336134454,0.7426602870298766,0.09347741935483873
HEART,RF,2,1,272,31,0.9032258064516129,0.8991596638655461,0.8888888888888888,0.9621848739495797,0.805113657286459,0.09286451612903228
HEART,RF,2,2,272,31,0.8709677419354839,0.8760504201680672,0.8666666666666667,0.9180672268907563,0.7489605308363722,0.11740967741935486
HEART,RF,2,3,273,30,0.9333333333333333,0.9411764705882353,0.9285714285714286,1.0,0.8744746321952062,0.07515666666666666
HEART,RF,2,4,273,30,0.6666666666666666,0.6607142857142857,0.6153846153846154,0.7834821428571428,0.32732683535398854,0.18436666666666668
HEART,RF,2,5,273,30,0.7333333333333333,0.7276785714285714,0.6923076923076923,0.828125,0.4637130167514838,0.16879
HEART,RF,2,6,273,30,0.7333333333333333,0.7321428571428572,0.7142857142857143,0.9084821428571428,0.4642857142857143,0.12483333333333334
HEART,RF,2,7,273,30,0.8333333333333334,0.8348214285714286,0.8275862068965517,0.890625,0.6681531047810609,0.12618333333333334
HEART,RF,2,8,273,30,0.8,0.8080357142857143,0.8125,0.9017857142857143,0.6273764344284781,0.14449333333333333
HEART,RF,2,9,273,30,0.8,0.7946428571428572,0.7692307692307693,0.84375,0.600099198148979,0.1545766666666667
HEART,RF,3,0,272,31,0.9032258064516129,0.9054621848739496,0.896551724137931,0.9852941176470588,0.8075384494492727,0.07561935483870971
HEART,RF,3,1,272,31,0.8387096774193549,0.8340336134453781,0.8148148148148148,0.9180672268907564,0.6737530079397209,0.1116516129032258
HEART,RF,3,2,272,31,0.8387096774193549,0.8466386554621849,0.8387096774193549,0.9285714285714285,0.6932773109243697,0.11730967741935483
HEART,RF,3,3,273,30,0.8333333333333334,0.8167420814479638,0.782608695652174,0.9072398190045249,0.6659120918162917,0.12293
HEART,RF,3,4,273,30,0.6666666666666666,0.65625,0.5833333333333334,0.7946428571428572,0.33071891388307384,0.19591
HEART,RF,3,5,273,30,0.8333333333333334,0.8303571428571428,0.8148148148148148,0.9174107142857143,0.6651836553993731,0.11197333333333331
HEART,RF,3,6,273,30,0.8,0.8080357142857143,0.8125,0.84375,0.6273764344284781,0.1549666666666667
HEART,RF,3,7,273,30,0.8666666666666667,0.875,0.875,0.9375,0.7637626158259733,0.11551333333333332
HEART,RF,3,8,273,30,0.8333333333333334,0.8348214285714286,0.8275862068965517,0.9352678571428571,0.6681531047810609,0.11656666666666667
HEART,RF,3,9,273,30,0.7333333333333333,0.7276785714285714,0.6923076923076923,0.8549107142857143,0.4637130167514838,0.17443666666666668
HEART,RF,4,0,272,31,0.6451612903225806,0.6638655462184874,0.6857142857142857,0.8361344537815126,0.34889639074744044,0.18325161290322584
HEART,RF,4,1,272,31,0.9032258064516129,0.8991596638655461,0.8888888888888888,0.976890756302521,0.805113657286459,0.07541935483870967
HEART,RF,4,2,272,31,0.8709677419354839,0.8760504201680672,0.8666666666666667,0.8571428571428572,0.7489605308363722,0.1370064516129032
HEART,RF,4,3,273,30,0.9,0.8936651583710407,0.88,0.9004524886877828,0.79639080275258,0.11493000000000002
HEART,RF,4,4,273,30,0.8333333333333334,0.8258928571428572,0.8,0.9196428571428572,0.6747699033149638,0.12057666666666668
HEART,RF,4,5,273,30,0.9,0.90625,0.9032258064516129,0.9776785714285714,0.8179961167749047,0.08742333333333335
HEART,RF,4,6,273,30,0.7333333333333333,0.7276785714285714,0.6923076923076923,0.8325892857142857,0.4637130167514838,0.17016333333333333
HEART,RF,4,7,273,30,0.9,0.9017857142857143,0.896551724137931,0.9709821428571428,0.8017837257372731,0.07351333333333335
HEART,RF,4,8,273,30,0.7333333333333333,0.7321428571428572,0.7142857142857143,0.8549107142857143,0.4642857142857143,0.15152666666666664
HEART,RF,4,9,273,30,0.7666666666666667,0.7633928571428572,0.7407407407407407,0.8861607142857144,0.5303491306562569,0.13841333333333333
HEART,XGB,0,0,272,31,0.7741935483870968,0.7815126050420168,0.7741935483870968,0.8865546218487395,0.5630252100840336,0.16028499603271484
HEART,XGB,0,1,272,31,0.8709677419354839,0.8634453781512605,0.8461538461538461,0.9243697478991597,0.7426602870298766,0.09622973203659058
HEART,XGB,0,2,272,31,0.7419354838709677,0.7521008403361344,0.75,0.865546218487395,0.5084928361809214,0.22015425562858582
HEART,XGB,0,3,273,30,0.7666666666666667,0.7579185520361991,0.72,0.8687782805429864,0.5217732845620352,0.18168742954730988
HEART,XGB,0,4,273,30,0.8,0.8080357142857143,0.8125,0.8660714285714286,0.6273764344284781,0.17588797211647034
HEART,XGB,0,5,273,30,0.7666666666666667,0.7589285714285714,0.72,0.8392857142857142,0.5361185533187384,0.20318123698234558
HEART,XGB,0,6,273,30,0.9,0.8928571428571428,0.88,0.9285714285714286,0.8134212533111892,0.08218423277139664
HEART,XGB,0,7,273,30,0.8,0.8035714285714286,0.8,0.8928571428571428,0.6071428571428571,0.14976714551448822
HEART,XGB,0,8,273,30,0.8333333333333334,0.8258928571428572,0.8,0.9196428571428572,0.6747699033149638,0.11495471745729446
HEART,XGB,0,9,273,30,0.7666666666666667,0.7589285714285714,0.72,0.875,0.5361185533187384,0.1971260905265808
HEART,XGB,1,0,272,31,0.9354838709677419,0.9348739495798319,0.9285714285714286,0.9411764705882353,0.8697478991596639,0.06996098905801773
HEART,XGB,1,1,272,31,0.8709677419354839,0.8760504201680672,0.8666666666666667,0.9579831932773109,0.7489605308363722,0.09308896213769913
HEART,XGB,1,2,272,31,0.7741935483870968,0.76890756302521,0.7407407407407407,0.8865546218487396,0.5423923585929828,0.1494041085243225
HEART,XGB,1,3,273,30,0.8,0.7782805429864253,0.7272727272727273,0.7918552036199095,0.6018358754926051,0.17845073342323303
HEART,XGB,1,4,273,30,0.9,0.8973214285714286,0.8888888888888888,0.8883928571428572,0.8000181801424892,0.09357000142335892
HEART,XGB,1,5,273,30,0.8333333333333334,0.8392857142857143,0.8387096774193549,0.9241071428571428,0.6831615920317885,0.1280847191810608
HEART,XGB,1,6,273,30,0.8,0.7991071428571428,0.7857142857142857,0.9285714285714286,0.5982142857142857,0.12833397090435028
HEART,XGB,1,7,273,30,0.6333333333333333,0.6294642857142857,0.5925925925925926,0.7366071428571428,0.26068008117002456,0.27946192026138306
HEART,XGB,1,8,273,30,0.8666666666666667,0.8571428571428572,0.8333333333333334,0.9375,0.7559289460184545,0.12411243468523026
HEART,XGB,1,9,273,30,0.6666666666666666,0.6607142857142857,0.6153846153846154,0.8214285714285714,0.32732683535398854,0.2663485109806061
HEART,XGB,2,0,272,31,0.8064516129032258,0.7983193277310925,0.7692307692307693,0.8865546218487395,0.6095824321285693,0.13735224306583405
HEART,XGB,2,1,272,31,0.7741935483870968,0.76890756302521,0.7407407407407407,0.8865546218487395,0.5423923585929828,0.16526004672050476
HEART,XGB,2,2,272,31,0.8064516129032258,0.7983193277310925,0.7692307692307693,0.865546218487395,0.6095824321285693,0.1518745869398117
HEART,XGB,2,3,273,30,0.8333333333333334,0.8257918552036199,0.8,0.9276018099547512,0.6590820436573076,0.10479361563920975
HEART,XGB,2,4,273,30,0.7333333333333333,0.7232142857142857,0.6666666666666666,0.8214285714285714,0.472455591261534,0.20399561524391174
HEART,XGB,2,5,273,30,0.7666666666666667,0.7544642857142857,0.6956521739130435,0.8303571428571428,0.554051251343814,0.20594781637191772
HEART,XGB,2,6,273,30,0.8333333333333334,0.8348214285714286,0.8275862068965517,0.875,0.6681531047810609,0.13856938481330872
HEART,XGB,2,7,273,30,0.8333333333333334,0.8348214285714286,0.8275862068965517,0.8705357142857142,0.6681531047810609,0.14509634673595428
HEART,XGB,2,8,273,30,0.7333333333333333,0.7455357142857143,0.7647058823529411,0.8660714285714286,0.5197011503876875,0.19883766770362854
HEART,XGB,2,9,273,30,0.7666666666666667,0.7633928571428572,0.7407407407407407,0.8303571428571428,0.5303491306562569,0.23326514661312103
HEART,XGB,3,0,272,31,0.9032258064516129,0.9117647058823529,0.9032258064516129,0.9789915966386554,0.8235294117647058,0.08655407279729843
HEART,XGB,3,1,272,31,0.8064516129032258,0.8046218487394958,0.7857142857142857,0.8655462184873949,0.6092436974789915,0.1668621450662613
HEART,XGB,3,2,272,31,0.7419354838709677,0.7457983193277311,0.7333333333333333,0.8907563025210083,0.48954403412209796,0.19026650488376617
HEART,XGB,3,3,273,30,0.8333333333333334,0.8167420814479638,0.782608695652174,0.904977375565611,0.6659120918162917,0.12769654393196106
HEART,XGB,3,4,273,30,0.7,0.6919642857142857,0.64,0.7455357142857143,0.3974672033225129,0.29007938504219055
HEART,XGB,3,5,273,30,0.8333333333333334,0.8258928571428572,0.8,0.9107142857142857,0.6747699033149638,0.13235145807266235
HEART,XGB,3,6,273,30,0.7666666666666667,0.7678571428571428,0.7586206896551724,0.8169642857142857,0.5345224838248488,0.21879631280899048
HEART,XGB,3,7,273,30,0.8,0.8080357142857143,0.8125,0.90625,0.6273764344284781,0.13898804783821106
HEART,XGB,3,8,273,30,0.8333333333333334,0.8392857142857143,0.8387096774193549,0.8973214285714286,0.6831615920317885,0.14375577867031097
HEART,XGB,3,9,273,30,0.7,0.6964285714285714,0.6666666666666666,0.7857142857142857,0.39551460591314075,0.22857284545898438
HEART,XGB,4,0,272,31,0.7096774193548387,0.7226890756302521,0.7272727272727273,0.819327731092437,0.45504040708188975,0.2567213773727417
HEART,XGB,4,1,272,31,0.9032258064516129,0.8991596638655461,0.8888888888888888,0.9621848739495797,0.805113657286459,0.08597858250141144
HEART,XGB,4,2,272,31,0.8064516129032258,0.8109243697478992,0.8,0.8487394957983193,0.619252282479235,0.15968170762062073
HEART,XGB,4,3,273,30,0.8666666666666667,0.8552036199095023,0.8333333333333334,0.8914027149321266,0.7305170766586324,0.11899156868457794
HEART,XGB,4,4,273,30,0.8,0.7901785714285714,0.75,0.9508928571428572,0.6141922686399942,0.16982774436473846
HEART,XGB,4,5,273,30,0.8666666666666667,0.8660714285714286,0.8571428571428571,0.9642857142857143,0.7321428571428571,0.0835999995470047
HEART,XGB,4,6,273,30,0.6666666666666666,0.65625,0.5833333333333334,0.75,0.33071891388307384,0.24219630658626556
HEART,XGB,4,7,273,30,0.8333333333333334,0.8303571428571428,0.8148148148148148,0.9285714285714286,0.6651836553993731,0.10369927436113358
HEART,XGB,4,8,273,30,0.8666666666666667,0.8660714285714286,0.8571428571428571,0.9107142857142857,0.7321428571428571,0.11342756450176239
HEART,XGB,4,9,273,30,0.7666666666666667,0.7633928571428572,0.7407407407407407,0.8348214285714286,0.5303491306562569,0.1835186928510666
HEART,SVM,0,0,272,31,0.8387096774193549,0.8403361344537814,0.8275862068965517,0.9159663865546219,0.6778302010921357,0.11402124031390508
HEART,SVM,0,1,272,31,0.9354838709677419,0.9411764705882353,0.9333333333333333,0.9747899159663865,0.8786687791935092,0.08209745362291464
HEART,SVM,0,2,272,31,0.7419354838709677,0.7457983193277311,0.7333333333333333,0.819327731092437,0.48954403412209796,0.18507736600942634
HEART,SVM,0,3,273,30,0.8333333333333334,0.8348416289592759,0.8148148148148148,0.8959276018099547,0.6651836553993731,0.13170020705057087
HEART,SVM,0,4,273,30,0.8,0.8080357142857143,0.8125,0.8883928571428572,0.6273764344284781,0.1524838136614572
HEART,SVM,0,5,273,30,0.8666666666666667,0.8660714285714286,0.8571428571428571,0.8437499999999999,0.7321428571428571,0.13863555592835575
HEART,SVM,0,6,273,30,0.8666666666666667,0.8616071428571428,0.8461538461538461,0.9419642857142857,0.7364853795464743,0.09792182856502427
HEART,SVM,0,7,273,30,0.7333333333333333,0.7366071428571428,0.7333333333333333,0.8526785714285714,0.4732142857142857,0.1608632782749466
HEART,SVM,0,8,273,30,0.9,0.8973214285714286,0.8888888888888888,0.9017857142857142,0.8000181801424892,0.11014403679932665
HEART,SVM,0,9,273,30,0.8,0.7901785714285714,0.75,0.875,0.6141922686399942,0.15770406001291304
HEART,SVM,1,0,272,31,0.9032258064516129,0.9117647058823529,0.9032258064516129,0.9453781512605042,0.8235294117647058,0.09488177503628765
HEART,SVM,1,1,272,31,0.9032258064516129,0.9054621848739496,0.896551724137931,0.9621848739495797,0.8075384494492727,0.0862696328150571
HEART,SVM,1,2,272,31,0.8064516129032258,0.8046218487394958,0.7857142857142857,0.9012605042016807,0.6092436974789915,0.12993890653972068
HEART,SVM,1,3,273,30,0.8,0.7873303167420814,0.75,0.8642533936651584,0.5909278263416963,0.1450882655969733
HEART,SVM,1,4,273,30,0.8666666666666667,0.8660714285714286,0.8571428571428571,0.9107142857142857,0.7321428571428571,0.1009876453956155
HEART,SVM,1,5,273,30,0.8666666666666667,0.8705357142857143,0.8666666666666667,0.9151785714285714,0.7410714285714286,0.11295254243756041
HEART,SVM,1,6,273,30,0.8333333333333334,0.8348214285714286,0.8275862068965517,0.8928571428571428,0.6681531047810609,0.119229663024806
HEART,SVM,1,7,273,30,0.7,0.7053571428571428,0.7096774193548387,0.7834821428571428,0.41349254254555623,0.19921594719996602
HEART,SVM,1,8,273,30,0.8,0.7901785714285714,0.75,0.9107142857142857,0.6141922686399942,0.1359774485442992
HEART,SVM,1,9,273,30,0.7333333333333333,0.7321428571428572,0.7142857142857143,0.8035714285714286,0.4642857142857143,0.18055441579052936
HEART,SVM,2,0,272,31,0.9032258064516129,0.8928571428571428,0.88,0.9243697478991597,0.8172252705693472,0.10606160310591967
HEART,SVM,2,1,272,31,0.9032258064516129,0.8991596638655461,0.8888888888888888,0.9495798319327731,0.805113657286459,0.09199287258648388
HEART,SVM,2,2,272,31,0.8064516129032258,0.8109243697478992,0.8,0.903361344537815,0.619252282479235,0.12980625395929954
HEART,SVM,2,3,273,30,0.8666666666666667,0.8823529411764706,0.8666666666666667,0.9864253393665158,0.7647058823529411,0.07412819108108627
HEART,SVM,2,4,273,30,0.6666666666666666,0.6651785714285714,0.6428571428571429,0.7723214285714286,0.33035714285714285,0.2114054013887222
HEART,SVM,2,5,273,30,0.8333333333333334,0.8348214285714286,0.8275862068965517,0.8258928571428571,0.6681531047810609,0.16006000358311728
HEART,SVM,2,6,273,30,0.9,0.9017857142857143,0.896551724137931,0.9241071428571428,0.8017837257372731,0.11339492346926901
HEART,SVM,2,7,273,30,0.8666666666666667,0.8660714285714286,0.8571428571428571,0.8883928571428572,0.7321428571428571,0.12713825201477713
HEART,SVM,2,8,273,30,0.8333333333333334,0.84375,0.8484848484848485,0.9375,0.7117435966472906,0.1357533174667522
HEART,SVM,2,9,273,30,0.8333333333333334,0.8303571428571428,0.8148148148148148,0.84375,0.6651836553993731,0.13960476452143808
HEART,SVM,3,0,272,31,0.9032258064516129,0.9054621848739496,0.896551724137931,0.9747899159663865,0.8075384494492727,0.07385160385623456
HEART,SVM,3,1,272,31,0.8709677419354839,0.8697478991596639,0.8571428571428571,0.8907563025210083,0.7394957983193278,0.10971910170714
HEART,SVM,3,2,272,31,0.9354838709677419,0.9411764705882353,0.9333333333333333,0.9705882352941176,0.8786687791935092,0.08692733067747757
HEART,SVM,3,3,273,30,0.8333333333333334,0.8257918552036199,0.8,0.9592760180995474,0.6590820436573076,0.09202669366613886
HEART,SVM,3,4,273,30,0.6666666666666666,0.6607142857142857,0.6153846153846154,0.7678571428571429,0.32732683535398854,0.21964494965578943
HEART,SVM,3,5,273,30,0.8333333333333334,0.8348214285714286,0.8275862068965517,0.8928571428571429,0.6681531047810609,0.12637855748811833
HEART,SVM,3,6,273,30,0.7333333333333333,0.7366071428571428,0.7333333333333333,0.84375,0.4732142857142857,0.1728612308197675
HEART,SVM,3,7,273,30,0.8666666666666667,0.8705357142857143,0.8666666666666667,0.8839285714285714,0.7410714285714286,0.12742283801451648
HEART,SVM,3,8,273,30,0.8333333333333334,0.8348214285714286,0.8275862068965517,0.8973214285714286,0.6681531047810609,0.1275082080269948
HEART,SVM,3,9,273,30,0.7333333333333333,0.7276785714285714,0.6923076923076923,0.7410714285714286,0.4637130167514838,0.2328640610275707
HEART,SVM,4,0,272,31,0.6451612903225806,0.657563025210084,0.6666666666666666,0.7815126050420168,0.3219625521805824,0.22465559767935733
HEART,SVM,4,1,272,31,0.9032258064516129,0.9117647058823529,0.9032258064516129,0.9663865546218486,0.8235294117647058,0.07828227736371307
HEART,SVM,4,2,272,31,0.8064516129032258,0.8172268907563025,0.8125,0.8697478991596639,0.6398534855276595,0.13400267808128383
HEART,SVM,4,3,273,30,0.9,0.8936651583710407,0.88,0.9321266968325791,0.79639080275258,0.11315637731266154
HEART,SVM,4,4,273,30,0.8666666666666667,0.8616071428571428,0.8461538461538461,0.8705357142857143,0.7364853795464743,0.12687190905857745
HEART,SVM,4,5,273,30,0.9,0.90625,0.9032258064516129,0.9285714285714286,0.8179961167749047,0.10295231259547549
HEART,SVM,4,6,273,30,0.7666666666666667,0.7633928571428572,0.7407407407407407,0.84375,0.5303491306562569,0.16370775810336244
HEART,SVM,4,7,273,30,0.9,0.9017857142857143,0.896551724137931,0.9821428571428572,0.8017837257372731,0.06345269296361074
HEART,SVM,4,8,273,30,0.8333333333333334,0.8303571428571428,0.8148148148148148,0.8482142857142857,0.6651836553993731,0.1535009933541103
HEART,SVM,4,9,273,30,0.8333333333333334,0.8303571428571428,0.8148148148148148,0.8794642857142857,0.6651836553993731,0.14125492758925742
HEART,MLP,0,0,272,31,0.8064516129032258,0.8109243697478992,0.8,0.8949579831932772,0.619252282479235,0.17381056698203148
HEART,MLP,0,1,272,31,0.9354838709677419,0.9285714285714286,0.9230769230769231,0.9453781512605042,0.875738141931184,0.07171194294252536
HEART,MLP,0,2,272,31,0.7096774193548387,0.7163865546218487,0.7096774193548387,0.7605042016806722,0.4327731092436975,0.2772294157976726
HEART,MLP,0,3,273,30,0.7666666666666667,0.7760180995475113,0.7586206896551724,0.841628959276018,0.5483270672886724,0.20303895956376725
HEART,MLP,0,4,273,30,0.7666666666666667,0.7723214285714286,0.7741935483870968,0.8571428571428572,0.5483270672886724,0.1948000336769036
HEART,MLP,0,5,273,30,0.7333333333333333,0.7232142857142857,0.6666666666666666,0.8794642857142857,0.472455591261534,0.2080965404591639
HEART,MLP,0,6,273,30,0.8333333333333334,0.8303571428571428,0.8148148148148148,0.9553571428571428,0.6651836553993731,0.12512915610721229
HEART,MLP,0,7,273,30,0.7333333333333333,0.7366071428571428,0.7333333333333333,0.8214285714285714,0.4732142857142857,0.24553346774112492
HEART,MLP,0,8,273,30,0.7333333333333333,0.7232142857142857,0.6666666666666666,0.875,0.472455591261534,0.23724004697931772
HEART,MLP,0,9,273,30,0.7666666666666667,0.7633928571428572,0.7407407407407407,0.8035714285714286,0.5303491306562569,0.1969243484779552
HEART,MLP,1,0,272,31,0.8387096774193549,0.8466386554621849,0.8387096774193549,0.903361344537815,0.6932773109243697,0.14251215837609624
HEART,MLP,1,1,272,31,0.8064516129032258,0.8109243697478992,0.8,0.9327731092436975,0.619252282479235,0.13533514489266954
HEART,MLP,1,2,272,31,0.7741935483870968,0.76890756302521,0.7407407407407407,0.8403361344537815,0.5423923585929828,0.21514004764442837
HEART,MLP,1,3,273,30,0.8,0.7873303167420814,0.75,0.8009049773755655,0.5909278263416963,0.1990637987971523
HEART,MLP,1,4,273,30,0.8,0.7991071428571428,0.7857142857142857,0.9285714285714286,0.5982142857142857,0.184919930726196
HEART,MLP,1,5,273,30,0.8666666666666667,0.8705357142857143,0.8666666666666667,0.8928571428571428,0.7410714285714286,0.13213159314290193
HEART,MLP,1,6,273,30,0.8333333333333334,0.8348214285714286,0.8275862068965517,0.9196428571428571,0.6681531047810609,0.14375979226356225
HEART,MLP,1,7,273,30,0.7,0.7008928571428572,0.6896551724137931,0.7321428571428572,0.40089186286863654,0.2771709808755786
HEART,MLP,1,8,273,30,0.8333333333333334,0.8214285714285714,0.782608695652174,0.8928571428571429,0.6998542122237652,0.1689570226036638
HEART,MLP,1,9,273,30,0.6666666666666666,0.6741071428571428,0.6875,0.7946428571428572,0.3546040716334876,0.30185555908845657
HEART,MLP,2,0,272,31,0.8387096774193549,0.8214285714285714,0.782608695652174,0.8865546218487395,0.7048072408490471,0.16850026375423466
HEART,MLP,2,1,272,31,0.8387096774193549,0.8403361344537814,0.8275862068965517,0.9159663865546217,0.6778302010921357,0.16917943530795668
HEART,MLP,2,2,272,31,0.7741935483870968,0.7752100840336134,0.7586206896551724,0.8949579831932774,0.5481219527349985,0.20026644845656053
HEART,MLP,2,3,273,30,0.8666666666666667,0.8733031674208145,0.8571428571428571,0.9592760180995474,0.7399400733959437,0.13741755231771755
HEART,MLP,2,4,273,30,0.7,0.6964285714285714,0.6666666666666666,0.8392857142857143,0.39551460591314075,0.24171531180568992
HEART,MLP,2,5,273,30,0.7666666666666667,0.7633928571428572,0.7407407407407407,0.8482142857142857,0.5303491306562569,0.2053341285568523
HEART,MLP,2,6,273,30,0.8,0.7991071428571428,0.7857142857142857,0.9017857142857143,0.5982142857142857,0.16900216305898574
HEART,MLP,2,7,273,30,0.8,0.7991071428571428,0.7857142857142857,0.8482142857142857,0.5982142857142857,0.17686607873535864
HEART,MLP,2,8,273,30,0.8,0.8125,0.8235294117647058,0.8883928571428572,0.6614378277661477,0.1789592990483407
HEART,MLP,2,9,273,30,0.7333333333333333,0.7321428571428572,0.7142857142857143,0.7991071428571428,0.4642857142857143,0.2554882276283428
HEART,MLP,3,0,272,31,0.9032258064516129,0.9117647058823529,0.9032258064516129,0.9915966386554622,0.8235294117647058,0.06924802186769762
HEART,MLP,3,1,272,31,0.8064516129032258,0.8046218487394958,0.7857142857142857,0.9033613445378151,0.6092436974789915,0.179090300418742
HEART,MLP,3,2,272,31,0.8064516129032258,0.8172268907563025,0.8125,0.9075630252100839,0.6398534855276595,0.14632812701079667
HEART,MLP,3,3,273,30,0.8333333333333334,0.8167420814479638,0.782608695652174,0.8778280542986425,0.6659120918162917,0.15042834553113685
HEART,MLP,3,4,273,30,0.6666666666666666,0.6607142857142857,0.6153846153846154,0.6741071428571428,0.32732683535398854,0.29162521006593034
HEART,MLP,3,5,273,30,0.8,0.7946428571428572,0.7692307692307693,0.9017857142857143,0.600099198148979,0.1607308820971383
HEART,MLP,3,6,273,30,0.7333333333333333,0.7410714285714286,0.75,0.7366071428571428,0.49099025303098287,0.25774933348385926
HEART,MLP,3,7,273,30,0.8333333333333334,0.8303571428571428,0.8148148148148148,0.9151785714285714,0.6651836553993731,0.1344340618196718
HEART,MLP,3,8,273,30,0.6666666666666666,0.6696428571428572,0.6666666666666666,0.8125,0.3392857142857143,0.294482573930708
HEART,MLP,3,9,273,30,0.7,0.6964285714285714,0.6666666666666666,0.7946428571428572,0.39551460591314075,0.28840620692042535
HEART,MLP,4,0,272,31,0.6451612903225806,0.6638655462184874,0.6857142857142857,0.8109243697478992,0.34889639074744044,0.29970086601325197
HEART,MLP,4,1,272,31,0.8709677419354839,0.8760504201680672,0.8666666666666667,0.9411764705882353,0.7489605308363722,0.08978548927048179
HEART,MLP,4,2,272,31,0.7741935483870968,0.7752100840336134,0.7586206896551724,0.8739495798319328,0.5481219527349985,0.18626857977936032
HEART,MLP,4,3,273,30,0.8666666666666667,0.8552036199095023,0.8333333333333334,0.9049773755656109,0.7305170766586324,0.12102901605934928
HEART,MLP,4,4,273,30,0.8,0.7901785714285714,0.75,0.9017857142857143,0.6141922686399942,0.18122960703545593
HEART,MLP,4,5,273,30,0.7666666666666667,0.7678571428571428,0.7586206896551724,0.8616071428571428,0.5345224838248488,0.20893927853569483
HEART,MLP,4,6,273,30,0.7333333333333333,0.7321428571428572,0.7142857142857143,0.8080357142857142,0.4642857142857143,0.21589030785441043
HEART,MLP,4,7,273,30,0.8,0.7946428571428572,0.7692307692307693,0.9196428571428572,0.600099198148979,0.15983836468979395
HEART,MLP,4,8,273,30,0.7333333333333333,0.7276785714285714,0.6923076923076923,0.8794642857142857,0.4637130167514838,0.1960958640468413
HEART,MLP,4,9,273,30,0.8,0.7991071428571428,0.7857142857142857,0.8616071428571429,0.5982142857142857,0.18000785534780922
HEART,NB,0,0,272,31,0.8709677419354839,0.8697478991596639,0.8571428571428571,0.8991596638655462,0.7394957983193278,0.11503083416274729
HEART,NB,0,1,272,31,0.8387096774193549,0.8340336134453781,0.8148148148148148,0.8823529411764706,0.6737530079397209,0.15919769465074415
HEART,NB,0,2,272,31,0.8064516129032258,0.8109243697478992,0.8,0.8739495798319328,0.619252282479235,0.14639817058724772
HEART,NB,0,3,273,30,0.7666666666666667,0.7579185520361991,0.72,0.823529411764706,0.5217732845620352,0.21532329194184605
HEART,NB,0,4,273,30,0.8,0.8080357142857143,0.8125,0.9508928571428572,0.6273764344284781,0.13637847482360096
HEART,NB,0,5,273,30,0.8,0.7946428571428572,0.7692307692307693,0.8705357142857143,0.600099198148979,0.16653535773140213
HEART,NB,0,6,273,30,0.9,0.9017857142857143,0.896551724137931,0.9508928571428572,0.8017837257372731,0.10870511590531338
HEART,NB,0,7,273,30,0.7,0.6964285714285714,0.6666666666666666,0.7991071428571428,0.39551460591314075,0.2724357256223598
HEART,NB,0,8,273,30,0.8666666666666667,0.8660714285714286,0.8571428571428571,0.8839285714285714,0.7321428571428571,0.12908645201245422
HEART,NB,0,9,273,30,0.8,0.7946428571428572,0.7692307692307693,0.8616071428571428,0.600099198148979,0.17521489591675127
HEART,NB,1,0,272,31,0.9032258064516129,0.9054621848739496,0.896551724137931,0.9138655462184874,0.8075384494492727,0.09745584227450217
HEART,NB,1,1,272,31,0.8387096774193549,0.8403361344537814,0.8275862068965517,0.9117647058823529,0.6778302010921357,0.11941918693305896
HEART,NB,1,2,272,31,0.9032258064516129,0.8928571428571428,0.88,0.9789915966386554,0.8172252705693472,0.08446291958801184
HEART,NB,1,3,273,30,0.7333333333333333,0.7285067873303167,0.6923076923076923,0.8144796380090498,0.45701357466063347,0.20192037046787856
HEART,NB,1,4,273,30,0.9,0.8973214285714286,0.8888888888888888,0.9017857142857142,0.8000181801424892,0.10796271360243424
HEART,NB,1,5,273,30,0.8666666666666667,0.8705357142857143,0.8666666666666667,0.90625,0.7410714285714286,0.1329079316342689
HEART,NB,1,6,273,30,0.8,0.8035714285714286,0.8,0.8258928571428572,0.6071428571428571,0.17564033622860112
HEART,NB,1,7,273,30,0.7,0.7008928571428572,0.6896551724137931,0.7723214285714286,0.40089186286863654,0.2756514026971126
HEART,NB,1,8,273,30,0.8333333333333334,0.8258928571428572,0.8,0.9330357142857143,0.6747699033149638,0.1413955852407245
HEART,NB,1,9,273,30,0.6666666666666666,0.6607142857142857,0.6153846153846154,0.7633928571428572,0.32732683535398854,0.2670340609148328
HEART,NB,2,0,272,31,0.8387096774193549,0.8277310924369747,0.8,0.9201680672268908,0.6817494235765678,0.12882354911897925
HEART,NB,2,1,272,31,0.8064516129032258,0.8046218487394958,0.7857142857142857,0.9411764705882353,0.6092436974789915,0.14896781002820128
HEART,NB,2,2,272,31,0.8709677419354839,0.8697478991596639,0.8571428571428571,0.9495798319327731,0.7394957983193278,0.10498275172547704
HEART,NB,2,3,273,30,0.9333333333333333,0.9411764705882353,0.9285714285714286,0.9638009049773756,0.8744746321952062,0.04986758261016964
HEART,NB,2,4,273,30,0.6666666666666666,0.6651785714285714,0.6428571428571429,0.7321428571428572,0.33035714285714285,0.2918644031292199
HEART,NB,2,5,273,30,0.8,0.7991071428571428,0.7857142857142857,0.8705357142857143,0.5982142857142857,0.15627731299919775
HEART,NB,2,6,273,30,0.8,0.7946428571428572,0.7692307692307693,0.8571428571428572,0.600099198148979,0.1909804997591557
HEART,NB,2,7,273,30,0.7666666666666667,0.7678571428571428,0.7586206896551724,0.8705357142857144,0.5345224838248488,0.16089876089948169
HEART,NB,2,8,273,30,0.8333333333333334,0.8392857142857143,0.8387096774193549,0.8392857142857143,0.6831615920317885,0.15122665884281028
HEART,NB,2,9,273,30,0.8333333333333334,0.8258928571428572,0.8,0.8973214285714286,0.6747699033149638,0.15401212975384052
HEART,NB,3,0,272,31,0.967741935483871,0.9705882352941176,0.9655172413793104,0.9915966386554622,0.9372466978064098,0.037756972976790856
HEART,NB,3,1,272,31,0.8709677419354839,0.8634453781512605,0.8461538461538461,0.9117647058823528,0.7426602870298766,0.10869067399035139
HEART,NB,3,2,272,31,0.9354838709677419,0.9348739495798319,0.9285714285714286,0.9495798319327731,0.8697478991596639,0.07606406118115867
HEART,NB,3,3,273,30,0.8,0.7873303167420814,0.75,0.9049773755656109,0.5909278263416963,0.16191078076890456
HEART,NB,3,4,273,30,0.6333333333333333,0.6160714285714286,0.47619047619047616,0.6651785714285714,0.27382077571623753,0.3268606561207809
HEART,NB,3,5,273,30,0.9,0.8973214285714286,0.8888888888888888,0.9553571428571428,0.8000181801424892,0.07944592097167218
HEART,NB,3,6,273,30,0.7666666666666667,0.7678571428571428,0.7586206896551724,0.796875,0.5345224838248488,0.2195828715053601
HEART,NB,3,7,273,30,0.8333333333333334,0.8348214285714286,0.8275862068965517,0.8794642857142857,0.6681531047810609,0.13867754405683347
HEART,NB,3,8,273,30,0.9,0.8973214285714286,0.8888888888888888,0.9330357142857143,0.8000181801424892,0.0721529433095361
HEART,NB,3,9,273,30,0.6333333333333333,0.6339285714285714,0.6206896551724138,0.7276785714285714,0.2672612419124244,0.30940261682073367
HEART,NB,4,0,272,31,0.7741935483870968,0.7752100840336134,0.7586206896551724,0.8781512605042017,0.5481219527349985,0.20650989035430117
HEART,NB,4,1,272,31,0.9354838709677419,0.9348739495798319,0.9285714285714286,0.9957983193277311,0.8697478991596639,0.031409423657129724
HEART,NB,4,2,272,31,0.8064516129032258,0.8172268907563025,0.8125,0.865546218487395,0.6398534855276595,0.17743570992665905
HEART,NB,4,3,273,30,0.8,0.8054298642533937,0.7857142857142857,0.8823529411764706,0.6054055145966812,0.13698163394021398
HEART,NB,4,4,273,30,0.8,0.7901785714285714,0.75,0.875,0.6141922686399942,0.15427573894909768
HEART,NB,4,5,273,30,0.8333333333333334,0.8258928571428572,0.8,0.921875,0.6747699033149638,0.15600425161604656
HEART,NB,4,6,273,30,0.7333333333333333,0.7276785714285714,0.6923076923076923,0.7991071428571428,0.4637130167514838,0.2647417004212783
HEART,NB,4,7,273,30,0.8666666666666667,0.8660714285714286,0.8571428571428571,0.9553571428571428,0.7321428571428571,0.10092279618290725
HEART,NB,4,8,273,30,0.7,0.7008928571428572,0.6896551724137931,0.8035714285714286,0.40089186286863654,0.2187302562545053
HEART,NB,4,9,273,30,0.8333333333333334,0.8303571428571428,0.8148148148148148,0.8258928571428572,0.6651836553993731,0.1756429334251967
D130,LR,0,0,9000,1000,0.614,0.6310018623811344,0.23107569721115537,0.6730349412301582,0.15151916936564255,0.07822251426615577
D130,LR,0,1,9000,1000,0.618,0.5774368208784025,0.19747899159663865,0.6299905030895793,0.09054114506519413,0.07927838366399576
D130,LR,0,2,9000,1000,0.642,0.6362313299374684,0.23829787234042554,0.6968388855313954,0.15975459975835082,0.07882539281721716
D130,LR,0,3,9000,1000,0.6,0.554945054945055,0.1836734693877551,0.5866788766788767,0.06419407387663693,0.08228996563593452
D130,LR,0,4,9000,1000,0.639,0.6214285714285714,0.2302771855010661,0.6579242979242979,0.14326081819104272,0.07876546232425129
D130,LR,0,5,9000,1000,0.638,0.5908424908424909,0.2096069868995633,0.6208180708180708,0.10781483729953761,0.08088322112183831
D130,LR,0,6,9000,1000,0.628,0.5603174603174603,0.18777292576419213,0.5757020757020758,0.07158673336824137,0.08279008249020527
D130,LR,0,7,9000,1000,0.619,0.5854090354090353,0.2045929018789144,0.6364713064713065,0.10027215711067888,0.08044580631274686
D130,LR,0,8,9000,1000,0.645,0.5746642246642246,0.1986455981941309,0.5834554334554334,0.0894221305659598,0.0827371355605872
D130,LR,0,9,9000,1000,0.616,0.6438339438339439,0.24110671936758893,0.686923076923077,0.16702452539425858,0.07804677359921937
D130,LR,1,0,9000,1000,0.651,0.5904796556444949,0.20861678004535147,0.6417198041416396,0.10788878240822292,0.07859733823141105
D130,LR,1,1,9000,1000,0.632,0.5851206847642423,0.20346320346320346,0.6046201852514214,0.10023770388710654,0.0817378405624053
D130,LR,1,2,9000,1000,0.621,0.5892216233549994,0.20545073375262055,0.5970226569148608,0.1042708069162008,0.0813081808693115
D130,LR,1,3,9000,1000,0.627,0.5998168498168498,0.21473684210526317,0.6212576312576312,0.11741075573510736,0.08114884927419388
D130,LR,1,4,9000,1000,0.614,0.5976800976800977,0.21224489795918366,0.6347741147741148,0.11412279800291011,0.08050744090386351
D130,LR,1,5,9000,1000,0.612,0.6166056166056166,0.224,0.6570695970695972,0.1356980110537589,0.07928949510083455
D130,LR,1,6,9000,1000,0.622,0.577045177045177,0.19915254237288135,0.6373992673992674,0.09075937259761925,0.07987391664637554
D130,LR,1,7,9000,1000,0.622,0.6070818070818071,0.2190082644628099,0.6511599511599512,0.12543051780966427,0.08007485914133917
D130,LR,1,8,9000,1000,0.609,0.5899267399267399,0.20689655172413793,0.6111965811965812,0.10493517891424417,0.08039603603182069
D130,LR,1,9,9000,1000,0.625,0.6187423687423688,0.2268041237113402,0.6457631257631258,0.13902772610796868,0.07963813765371512
D130,LR,2,0,9000,1000,0.619,0.5678474080834741,0.1910828025477707,0.6181378655385488,0.07952277557802195,0.08064653686689408
D130,LR,2,1,9000,1000,0.64,0.6452718953119797,0.24369747899159663,0.6751933299621358,0.16985567845032876,0.07784339847930381
D130,LR,2,2,9000,1000,0.611,0.5786640190431555,0.1979381443298969,0.6013887689784038,0.09159974327682319,0.08058489190486653
D130,LR,2,3,9000,1000,0.641,0.6175213675213675,0.22795698924731184,0.6482051282051282,0.1389418702365968,0.07905900672986797
D130,LR,2,4,9000,1000,0.633,0.5880952380952381,0.20734341252699784,0.6344444444444445,0.10426443493429269,0.0802164315935162
D130,LR,2,5,9000,1000,0.604,0.5971916971916972,0.21115537848605578,0.6525641025641026,0.11302222206671593,0.07936381115146478
D130,LR,2,6,9000,1000,0.612,0.6216117216117216,0.22709163346613545,0.6545299145299146,0.14141976529955913,0.08038754585786749
D130,LR,2,7,9000,1000,0.621,0.5965201465201465,0.21205821205821207,0.6173992673992674,0.1132121124421661,0.081715035410794
D130,LR,2,8,9000,1000,0.639,0.5863858363858364,0.20659340659340658,0.6236507936507937,0.1027025422632433,0.08053372147834022
D130,LR,2,9,9000,1000,0.606,0.5682539682539682,0.19262295081967212,0.604993894993895,0.07981050724093854,0.08202867884502361
D130,LR,3,0,9000,1000,0.644,0.6221216344552843,0.22943722943722944,0.663908040306368,0.14380984206885247,0.07961317103493346
D130,LR,3,1,9000,1000,0.634,0.6064949000357676,0.21794871794871795,0.6731582777291284,0.1250108167505444,0.07738861164570242
D130,LR,3,2,9000,1000,0.607,0.5866068895768325,0.2028397565922921,0.5942599193379298,0.10051313447579016,0.0809970199805534
D130,LR,3,3,9000,1000,0.595,0.5722222222222222,0.19483101391650098,0.6035409035409035,0.08395541588286813,0.08179711490388898
D130,LR,3,4,9000,1000,0.617,0.6043345543345544,0.2167689161554192,0.6612087912087912,0.12194849024355661,0.07972807626269926
D130,LR,3,5,9000,1000,0.637,0.5752747252747252,0.1986754966887417,0.6307081807081808,0.08959795493206081,0.08015412903523472
D130,LR,3,6,9000,1000,0.627,0.6148351648351649,0.22453222453222454,0.6428083028083029,0.13469448671961698,0.07943644857837072
D130,LR,3,7,9000,1000,0.616,0.6338217338217338,0.2350597609561753,0.6407081807081808,0.15561853691598074,0.08078577401910138
D130,LR,3,8,9000,1000,0.612,0.5965811965811966,0.21138211382113822,0.6403296703296704,0.1127459394625516,0.08001852063528632
D130,LR,3,9,9000,1000,0.654,0.6096459096459097,0.2242152466367713,0.6240415140415141,0.13106793249297446,0.08092618767890604
D130,LR,4,0,9000,1000,0.62,0.5988110361499278,0.21161825726141079,0.6088012925665092,0.11521234604276884,0.0799756981228068
D130,LR,4,1,9000,1000,0.643,0.6165036569271944,0.22559652928416485,0.6370330171807743,0.1372689947573312,0.07992619594388253
D130,LR,4,2,9000,1000,0.627,0.5722381874468112,0.19438444924406048,0.6152764587624415,0.08502136245198333,0.08054037594926902
D130,LR,4,3,9000,1000,0.593,0.546092796092796,0.17777777777777778,0.5856043956043956,0.053742641213462,0.08225748165880233
D130,LR,4,4,9000,1000,0.631,0.602014652014652,0.21656050955414013,0.6350915750915751,0.12023383140142488,0.08040855786199089
D130,LR,4,5,9000,1000,0.619,0.6354700854700854,0.23647294589178355,0.6804029304029304,0.15771026333874444,0.07839021132489708
D130,LR,4,6,9000,1000,0.645,0.6397435897435897,0.24307036247334754,0.6497313797313796,0.16486878473569472,0.08060294925558296
D130,LR,4,7,9000,1000,0.611,0.591025641025641,0.20773930753564154,0.6036507936507935,0.1063041196046645,0.08224585369400883
D130,LR,4,8,9000,1000,0.651,0.628021978021978,0.2363238512035011,0.6646642246642248,0.1520273034777475,0.07857608534249534
D130,LR,4,9,9000,1000,0.616,0.5887667887667888,0.2066115702479339,0.6184249084249085,0.1039771795297901,0.08014235326917471
D130,RF,0,0,9000,1000,0.544,0.6128590633826269,0.21379310344827587,0.6550956474549514,0.12856447834084314,0.0797845
D130,RF,0,1,9000,1000,0.506,0.5565189506530668,0.18211920529801323,0.573354382762491,0.06440265828393646,0.0829965
D130,RF,0,2,9000,1000,0.524,0.5258451633591928,0.1649122807017544,0.5711959940305135,0.029458270917869546,0.0837054
D130,RF,0,3,9000,1000,0.52,0.566056166056166,0.1891891891891892,0.5601159951159951,0.07561688449303675,0.0850697
D130,RF,0,4,9000,1000,0.533,0.5832112332112332,0.19897084048027444,0.6093101343101343,0.09526348510917243,0.08233839999999999
D130,RF,0,5,9000,1000,0.552,0.5786324786324786,0.1971326164874552,0.6094078144078144,0.09019763895765676,0.08235150000000001
D130,RF,0,6,9000,1000,0.503,0.5517094017094017,0.1812191103789127,0.5581257631257632,0.05922739377968718,0.08531369999999998
D130,RF,0,7,9000,1000,0.547,0.5508547008547009,0.18083182640144665,0.5662820512820513,0.05837480087946893,0.0840726
D130,RF,0,8,9000,1000,0.526,0.5242979242979243,0.16549295774647887,0.5601770451770453,0.027841454585758096,0.084047
D130,RF,0,9,9000,1000,0.515,0.5633089133089133,0.18760469011725292,0.6063614163614164,0.07247852828922363,0.0814314
D130,RF,1,0,9000,1000,0.553,0.6025912998433627,0.2088495575221239,0.6399745926812122,0.11698376647245338,0.0803749
D130,RF,1,1,9000,1000,0.538,0.5385981573527054,0.17204301075268819,0.5608973963665067,0.044047075405466894,0.08383529999999999
D130,RF,1,2,9000,1000,0.516,0.5670765549649108,0.18791946308724833,0.5744459107783767,0.07640600585596607,0.0836089
D130,RF,1,3,9000,1000,0.517,0.5193528693528694,0.16291161178509533,0.5360989010989011,0.022161244649737486,0.0853608
D130,RF,1,4,9000,1000,0.53,0.6015873015873016,0.20875420875420875,0.6246764346764346,0.11629345267038108,0.0824746
D130,RF,1,5,9000,1000,0.534,0.6188034188034188,0.2181208053691275,0.6269230769230769,0.13600727902736975,0.08144939999999999
D130,RF,1,6,9000,1000,0.541,0.5976190476190476,0.20725388601036268,0.5936507936507937,0.11177421622864873,0.08299799999999999
D130,RF,1,7,9000,1000,0.531,0.5670940170940171,0.18998272884283246,0.5719169719169719,0.07682292910274231,0.0835156
D130,RF,1,8,9000,1000,0.502,0.5361416361416361,0.17275747508305647,0.5431868131868132,0.041384228597242244,0.0850242
D130,RF,1,9,9000,1000,0.519,0.5605006105006105,0.18612521150592218,0.5953418803418804,0.06925682339321337,0.0832858
D130,RF,2,0,9000,1000,0.519,0.5585848370108166,0.1833616298811545,0.5964491421946496,0.06672666343240956,0.08270400000000001
D130,RF,2,1,9000,1000,0.508,0.5424092551708828,0.174496644295302,0.5750132586736392,0.048307814863609334,0.08334549999999999
D130,RF,2,2,9000,1000,0.511,0.5846088382935162,0.19704433497536947,0.607216418554743,0.09644453623096763,0.0815155
D130,RF,2,3,9000,1000,0.557,0.6414529914529914,0.2322357019064125,0.6608058608058609,0.16197982288151974,0.0795743
D130,RF,2,4,9000,1000,0.542,0.5581196581196581,0.18505338078291814,0.586056166056166,0.06663571114380061,0.083913
D130,RF,2,5,9000,1000,0.502,0.5461538461538462,0.1782178217821782,0.5735470085470086,0.052860627344082686,0.0835841
D130,RF,2,6,9000,1000,0.526,0.6144078144078144,0.2152317880794702,0.6451159951159952,0.13101708770309076,0.0797345
D130,RF,2,7,9000,1000,0.518,0.55995115995116,0.1858108108108108,0.6055799755799756,0.06862826300569509,0.0824488
D130,RF,2,8,9000,1000,0.533,0.5381562881562881,0.17345132743362832,0.5761416361416362,0.043733235617300296,0.08322659999999998
D130,RF,2,9,9000,1000,0.527,0.5448717948717949,0.17739130434782607,0.5402014652014653,0.05138908729414419,0.0862256
D130,RF,3,0,9000,1000,0.517,0.5524180120623097,0.1799660441426146,0.558603337485662,0.05970280412373487,0.08358929999999999
D130,RF,3,1,9000,1000,0.533,0.5865452213273474,0.19897084048027444,0.6066984052590683,0.09857993954912575,0.08205019999999999
D130,RF,3,2,9000,1000,0.503,0.49911197720741496,0.15042735042735042,0.5228049186595789,-0.0010114681079464978,0.0846214
D130,RF,3,3,9000,1000,0.536,0.5948717948717949,0.2054794520547945,0.6020085470085471,0.10861012929523772,0.0828767
D130,RF,3,4,9000,1000,0.518,0.554945054945055,0.18305084745762712,0.5968925518925519,0.0628970902033151,0.0819738
D130,RF,3,5,9000,1000,0.534,0.6037851037851039,0.21016949152542372,0.6183211233211232,0.11880561482848408,0.0815341
D130,RF,3,6,9000,1000,0.575,0.6112942612942613,0.21731123388581952,0.6161172161172161,0.1279681682930477,0.08141499999999999
D130,RF,3,7,9000,1000,0.528,0.5504273504273505,0.18055555555555555,0.5848351648351648,0.05774819340595142,0.0837265
D130,RF,3,8,9000,1000,0.514,0.5827838827838827,0.19801980198019803,0.5922100122100122,0.09481350618859274,0.08413659999999999
D130,RF,3,9,9000,1000,0.543,0.5436507936507936,0.17657657657657658,0.5844444444444444,0.05009111782784537,0.0827281
D130,RF,4,0,9000,1000,0.524,0.5765364644359205,0.19322033898305085,0.6029798098151185,0.08717329222672038,0.0823964
D130,RF,4,1,9000,1000,0.549,0.5699811295156576,0.19030520646319568,0.6095598120351755,0.0798704980593626,0.08240850000000001
D130,RF,4,2,9000,1000,0.53,0.5798295489584233,0.1952054794520548,0.5772579829548957,0.09092840528472429,0.08370659999999998
D130,RF,4,3,9000,1000,0.529,0.565995115995116,0.18932874354561102,0.5871367521367521,0.07555863539033388,0.0830436
D130,RF,4,4,9000,1000,0.564,0.5451770451770452,0.17735849056603772,0.583986568986569,0.05209180631332394,0.0850738
D130,RF,4,5,9000,1000,0.519,0.5955433455433455,0.2049586776859504,0.6491697191697192,0.10942030151746347,0.08033199999999999
D130,RF,4,6,9000,1000,0.512,0.5616605616605617,0.18666666666666668,0.5890781440781441,0.0705986334782266,0.0829643
D130,RF,4,7,9000,1000,0.518,0.5799755799755799,0.19666666666666666,0.5961416361416362,0.09156852461037313,0.0836026
D130,RF,4,8,9000,1000,0.548,0.5864468864468864,0.20141342756183744,0.5960500610500611,0.09907228567510137,0.0836514
D130,RF,4,9,9000,1000,0.547,0.6009157509157509,0.2094240837696335,0.5979609279609279,0.11558781808479682,0.0831512
D130,XGB,0,0,9000,1000,0.709,0.5614832447366149,0.1894150417827298,0.597182994363522,0.0788674237110698,0.08316852897405624
D130,XGB,0,1,9000,1000,0.713,0.5636786344182834,0.19154929577464788,0.5917191874591448,0.08207087820178793,0.08604714274406433
D130,XGB,0,2,9000,1000,0.697,0.5599662057992821,0.1876675603217158,0.5821606087889589,0.07573124162135854,0.08623166382312775
D130,XGB,0,3,9000,1000,0.661,0.5384004884004884,0.17114914425427874,0.5465323565323565,0.047156308158817106,0.0869286060333252
D130,XGB,0,4,9000,1000,0.697,0.5531746031746032,0.18328840970350405,0.5786691086691087,0.06771090196300587,0.0846121683716774
D130,XGB,0,5,9000,1000,0.694,0.5365079365079365,0.16847826086956522,0.5615018315018314,0.04664104114105495,0.0880964994430542
D130,XGB,0,6,9000,1000,0.682,0.5249084249084249,0.15873015873015872,0.5331257631257631,0.031483424962761325,0.09079745411872864
D130,XGB,0,7,9000,1000,0.723,0.5874847374847375,0.21529745042492918,0.5927838827838828,0.11373460439582789,0.08766356110572815
D130,XGB,0,8,9000,1000,0.714,0.5124542124542124,0.1437125748502994,0.5347863247863247,0.016597107449738576,0.08896899968385696
D130,XGB,0,9,9000,1000,0.685,0.5515873015873016,0.18181818181818182,0.5458241758241759,0.06474544074116993,0.0867985263466835
D130,XGB,1,0,9000,1000,0.729,0.5724601931449573,0.20058997050147492,0.6158684739574982,0.09529783597141468,0.08576636761426926
D130,XGB,1,1,9000,1000,0.702,0.5170882719323129,0.14857142857142858,0.5436672874603782,0.02215847465415301,0.08826988190412521
D130,XGB,1,2,9000,1000,0.678,0.4937776736269564,0.12972972972972974,0.5244514609208304,-0.00788350539717919,0.0895271822810173
D130,XGB,1,3,9000,1000,0.68,0.5087912087912088,0.1443850267379679,0.5044688644688644,0.011158475392781924,0.08901652693748474
D130,XGB,1,4,9000,1000,0.693,0.560989010989011,0.18997361477572558,0.5767032967032967,0.07700870417866161,0.08742129057645798
D130,XGB,1,5,9000,1000,0.683,0.5554945054945055,0.18508997429305912,0.5837118437118437,0.0693788871175675,0.08469976484775543
D130,XGB,1,6,9000,1000,0.722,0.5619047619047619,0.19186046511627908,0.5721855921855922,0.08139724991384557,0.08648782223463058
D130,XGB,1,7,9000,1000,0.715,0.573076923076923,0.20168067226890757,0.5896214896214895,0.09454630953644773,0.08489572256803513
D130,XGB,1,8,9000,1000,0.679,0.5082417582417582,0.144,0.525006105006105,0.010450001835039836,0.09008406102657318
D130,XGB,1,9,9000,1000,0.696,0.5676434676434676,0.19576719576719576,0.6024420024420025,0.08549910504593025,0.0878336951136589
D130,XGB,2,0,9000,1000,0.704,0.5536698775268565,0.18232044198895028,0.5811122485477127,0.06860665775991145,0.088601253926754
D130,XGB,2,1,9000,1000,0.691,0.5566731212767795,0.18469656992084432,0.5794595394615129,0.0711267797035792,0.08534035831689835
D130,XGB,2,2,9000,1000,0.717,0.5658740240999519,0.19373219373219372,0.5891167873308748,0.08531385279617144,0.08565285056829453
D130,XGB,2,3,9000,1000,0.733,0.5879731379731379,0.21700879765395895,0.6037851037851037,0.11612995569327286,0.08316775411367416
D130,XGB,2,4,9000,1000,0.698,0.5637362637362637,0.1925133689839572,0.5977533577533578,0.08089894659766896,0.08589354902505875
D130,XGB,2,5,9000,1000,0.688,0.5432234432234432,0.1746031746031746,0.5667765567765568,0.054633002141262293,0.08781292289495468
D130,XGB,2,6,9000,1000,0.683,0.5404761904761904,0.17232375979112272,0.559035409035409,0.050901204625268155,0.08808846771717072
D130,XGB,2,7,9000,1000,0.689,0.5587912087912088,0.18798955613577023,0.5898168498168498,0.0739334239127198,0.08654448390007019
D130,XGB,2,8,9000,1000,0.709,0.5447496947496948,0.17563739376770537,0.5781074481074481,0.0581768771961911,0.08652801811695099
D130,XGB,2,9,9000,1000,0.68,0.5338217338217338,0.16666666666666666,0.5331623931623932,0.042490495744778055,0.08842986822128296
D130,XGB,3,0,9000,1000,0.692,0.5724293590202149,0.19791666666666666,0.583924320724232,0.09044681179877107,0.08593397587537766
D130,XGB,3,1,9000,1000,0.695,0.5436611206354296,0.17344173441734417,0.5858730374079603,0.055377558174708935,0.08561057597398758
D130,XGB,3,2,9000,1000,0.673,0.5366556074939257,0.16793893129770993,0.547910063024951,0.0453819546341008,0.08787796646356583
D130,XGB,3,3,9000,1000,0.695,0.5670940170940171,0.19525065963060687,0.5697802197802198,0.08471728317552464,0.08672351390123367
D130,XGB,3,4,9000,1000,0.709,0.5247252747252747,0.1565217391304348,0.5877411477411477,0.032468695910148185,0.08591589331626892
D130,XGB,3,5,9000,1000,0.676,0.5566544566544567,0.18592964824120603,0.5814163614163614,0.07023888679046654,0.08786172419786453
D130,XGB,3,6,9000,1000,0.713,0.5719780219780219,0.20055710306406685,0.5752625152625153,0.09290455890970255,0.08513408899307251
D130,XGB,3,7,9000,1000,0.698,0.5336996336996337,0.16574585635359115,0.5674236874236874,0.04334579624480993,0.08943942934274673
D130,XGB,3,8,9000,1000,0.673,0.514957264957265,0.15064935064935064,0.5475579975579976,0.018772346723771163,0.09126793593168259
D130,XGB,3,9,9000,1000,0.689,0.5037240537240537,0.13850415512465375,0.5294749694749694,0.004795561606260573,0.08770734816789627
D130,XGB,4,0,9000,1000,0.675,0.512407651796396,0.14698162729658792,0.5192589943141874,0.015540526562943175,0.08942777663469315
D130,XGB,4,1,9000,1000,0.709,0.581759765167306,0.20708446866485014,0.5958016255750564,0.10392806134895154,0.08400729298591614
D130,XGB,4,2,9000,1000,0.674,0.5625501054527066,0.1890547263681592,0.5766968018845816,0.07681777014465897,0.08613517880439758
D130,XGB,4,3,9000,1000,0.688,0.5282051282051282,0.16129032258064516,0.5684371184371184,0.035876762727864525,0.08671022206544876
D130,XGB,4,4,9000,1000,0.684,0.531013431013431,0.164021164021164,0.5494627594627595,0.039199950688928314,0.08784680813550949
D130,XGB,4,5,9000,1000,0.694,0.5565323565323566,0.18617021276595744,0.6056288156288158,0.07160393890707209,0.08518681675195694
D130,XGB,4,6,9000,1000,0.708,0.5542124542124542,0.18435754189944134,0.5696581196581196,0.07005644209621163,0.08609011769294739
D130,XGB,4,7,9000,1000,0.687,0.5376678876678876,0.16976127320954906,0.5567032967032968,0.047660379909069905,0.08910819888114929
D130,XGB,4,8,9000,1000,0.701,0.5353479853479853,0.1671309192200557,0.5480097680097681,0.04562488516430684,0.08807176351547241
D130,XGB,4,9,9000,1000,0.704,0.5169719169719169,0.14942528735632185,0.537997557997558,0.022201945866956105,0.08974207192659378
D130,SVM,0,0,9000,1000,0.626,0.6021041206724306,0.21428571428571427,0.6237250089418962,0.11938279356887944,0.08033420837264212
D130,SVM,0,1,9000,1000,0.601,0.5579681545159659,0.18404907975460122,0.549710775909915,0.06738574604779063,0.08061758941586697
D130,SVM,0,2,9000,1000,0.65,0.5645851576857139,0.18981481481481483,0.5863417161040466,0.07747956378070524,0.08088512967408366
D130,SVM,0,3,9000,1000,0.586,0.5522588522588523,0.18181818181818182,0.5616361416361416,0.06068463231641993,0.08162695419056233
D130,SVM,0,4,9000,1000,0.609,0.49481074481074483,0.14065934065934066,0.4791086691086691,-0.00616941066598988,0.08212367053766505
D130,SVM,0,5,9000,1000,0.625,0.5286324786324786,0.16481069042316257,0.5111965811965812,0.03416289394861669,0.08189034864975693
D130,SVM,0,6,9000,1000,0.61,0.5354090354090354,0.1702127659574468,0.5333089133089133,0.04175403006813158,0.08202198042659188
D130,SVM,0,7,9000,1000,0.611,0.5159340659340659,0.1561822125813449,0.5424664224664225,0.01887931700960622,0.08171462097420815
D130,SVM,0,8,9000,1000,0.65,0.5173382173382174,0.15458937198067632,0.507985347985348,0.021204622053349345,0.08209986616146724
D130,SVM,0,9,9000,1000,0.631,0.541941391941392,0.174496644295302,0.5782173382173382,0.05010432222217545,0.08169747976879496
D130,SVM,1,0,9000,1000,0.625,0.5610022323906314,0.18655097613882862,0.573453051961667,0.07187512683355496,0.08079588707612641
D130,SVM,1,1,9000,1000,0.626,0.4804449980882842,0.1261682242990654,0.4719224460094476,-0.02352564132228261,0.08147589996779715
D130,SVM,1,2,9000,1000,0.636,0.5416939034768559,0.17272727272727273,0.5613290741129022,0.049748597014420484,0.08118790552251955
D130,SVM,1,3,9000,1000,0.613,0.512026862026862,0.15317286652078774,0.5326129426129427,0.01428201181932106,0.08180239398130563
D130,SVM,1,4,9000,1000,0.601,0.5054334554334554,0.14925373134328357,0.5243589743589744,0.006410363408246758,0.08192777623124176
D130,SVM,1,5,9000,1000,0.613,0.5520757020757021,0.18181818181818182,0.5562393162393163,0.061314771098673,0.08124235765581743
D130,SVM,1,6,9000,1000,0.631,0.556959706959707,0.18543046357615894,0.5622100122100122,0.06779796589749613,0.08139700231252683
D130,SVM,1,7,9000,1000,0.59,0.5144078144078144,0.15637860082304528,0.5482173382173382,0.016861802175941736,0.0817405146788158
D130,SVM,1,8,9000,1000,0.588,0.4882783882783883,0.13807531380753138,0.49141636141636136,-0.013767900032379096,0.08169171056766127
D130,SVM,1,9,9000,1000,0.639,0.5763736263736263,0.19955654101995565,0.5876800976800978,0.091014655333168,0.08137881931845654
D130,SVM,2,0,9000,1000,0.634,0.5405962086360216,0.17194570135746606,0.5331466840982253,0.04837602391061571,0.08104303457328285
D130,SVM,2,1,9000,1000,0.603,0.5489275891414547,0.17805383022774326,0.5625501054527067,0.05702346209676422,0.08054716432005389
D130,SVM,2,2,9000,1000,0.612,0.5031759148484811,0.14537444933920704,0.5200976825071844,0.0037568144212582703,0.08095320466480507
D130,SVM,2,3,9000,1000,0.61,0.5804639804639804,0.20081967213114754,0.6076190476190475,0.09408787884039087,0.08145824320189145
D130,SVM,2,4,9000,1000,0.577,0.5272893772893773,0.16568047337278108,0.5572039072039072,0.031678402121636424,0.08161343239347525
D130,SVM,2,5,9000,1000,0.618,0.5398046398046398,0.17316017316017315,0.548986568986569,0.04713617668167825,0.08144417211193283
D130,SVM,2,6,9000,1000,0.621,0.5464590964590964,0.17787418655097614,0.5878998778998779,0.0550465909743691,0.08136892643186375
D130,SVM,2,7,9000,1000,0.639,0.5363247863247863,0.17011494252873563,0.5453968253968253,0.0437365797103177,0.08194207456463946
D130,SVM,2,8,9000,1000,0.632,0.49242979242979246,0.13615023474178403,0.5296092796092796,-0.00917330969867212,0.08177314786128285
D130,SVM,2,9,9000,1000,0.614,0.49755799755799757,0.14222222222222222,0.4952991452991453,-0.002911902324227551,0.0824742849046314
D130,SVM,3,0,9000,1000,0.614,0.5245501301200064,0.1608695652173913,0.5475153862282465,0.028941811342670237,0.08085560990216815
D130,SVM,3,1,9000,1000,0.587,0.5198695099840897,0.15885947046843177,0.5366741079687711,0.023078507840801687,0.08078086221405528
D130,SVM,3,2,9000,1000,0.615,0.4997533270020597,0.14253897550111358,0.49736676574698757,-0.0002926608045281121,0.08114437229502633
D130,SVM,3,3,9000,1000,0.634,0.5536019536019536,0.18303571428571427,0.54998778998779,0.063994630771522,0.0817485831994201
D130,SVM,3,4,9000,1000,0.607,0.5788156288156288,0.19959266802443992,0.6042490842490843,0.09204468035521252,0.08138519887110406
D130,SVM,3,5,9000,1000,0.596,0.5277167277167277,0.1652892561983471,0.534053724053724,0.032466051930209565,0.08158866499683284
D130,SVM,3,6,9000,1000,0.656,0.5406593406593407,0.17307692307692307,0.5496092796092796,0.0496470593655136,0.08132869569902297
D130,SVM,3,7,9000,1000,0.607,0.47869352869352866,0.1286031042128603,0.47865689865689864,-0.02539097898583184,0.08223619579853383
D130,SVM,3,8,9000,1000,0.637,0.5352258852258852,0.16933638443935928,0.5192307692307693,0.04235576540702396,0.08199296111404393
D130,SVM,3,9,9000,1000,0.633,0.518009768009768,0.15632183908045977,0.501929181929182,0.02168452271351886,0.08184938005957991
D130,SVM,4,0,9000,1000,0.618,0.5267455198016749,0.16228070175438597,0.5307046214186163,0.03160096487741371,0.08100473239480628
D130,SVM,4,1,9000,1000,0.597,0.479735813219206,0.12958963282937366,0.49487536846779057,-0.023850110723682535,0.0813475734933964
D130,SVM,4,2,9000,1000,0.614,0.534688390335352,0.16810344827586207,0.5556062605606877,0.04080493519290152,0.0810891560547578
D130,SVM,4,3,9000,1000,0.628,0.5853479853479853,0.20512820512820512,0.6029792429792429,0.10074514546240985,0.0810499972398743
D130,SVM,4,4,9000,1000,0.617,0.4942002442002442,0.1393258426966292,0.5051159951159951,-0.006937254392205693,0.08183977186582897
D130,SVM,4,5,9000,1000,0.626,0.5391941391941393,0.17256637168141592,0.5488888888888889,0.04667974259514288,0.08160701657672924
D130,SVM,4,6,9000,1000,0.614,0.5225885225885225,0.1608695652173913,0.5442002442002443,0.02677864737418963,0.08158480989264265
D130,SVM,4,7,9000,1000,0.607,0.5337606837606838,0.16913319238900634,0.5365811965811965,0.039750373291402304,0.08199202518674098
D130,SVM,4,8,9000,1000,0.636,0.5847374847374848,0.2052401746724891,0.561001221001221,0.10056921651327837,0.08165622377814459
D130,SVM,4,9,9000,1000,0.605,0.5026251526251526,0.1468682505399568,0.502905982905983,0.0031069790035859915,0.08191377662709465
D130,MLP,0,0,9000,1000,0.824,0.5130798357157833,0.12,0.5025345650538364,0.02371232325661188,0.1275155606905074
D130,MLP,0,1,9000,1000,0.8,0.5049766277334451,0.11504424778761062,0.5149175495504384,0.00824239951906866,0.14642708104944244
D130,MLP,0,2,9000,1000,0.82,0.5159535761417876,0.1262135922330097,0.5142761997557938,0.02826629936750643,0.14374203074950975
D130,MLP,0,3,9000,1000,0.799,0.5341269841269841,0.1589958158995816,0.5613919413919413,0.05485445982802145,0.14441937604742902
D130,MLP,0,4,9000,1000,0.8,0.5046398046398046,0.11504424778761062,0.5292429792429791,0.007747209779376353,0.14036234244369467
D130,MLP,0,5,9000,1000,0.806,0.542979242979243,0.17094017094017094,0.5566056166056166,0.07006684782987514,0.14302732503420243
D130,MLP,0,6,9000,1000,0.807,0.5134920634920634,0.12669683257918551,0.5236874236874237,0.02288783883682738,0.14853576980265462
D130,MLP,0,7,9000,1000,0.817,0.528998778998779,0.14883720930232558,0.5371672771672772,0.05018716061085406,0.1330546135700298
D130,MLP,0,8,9000,1000,0.812,0.49621489621489623,0.09615384615384616,0.5679853479853479,-0.006715439523820089,0.13600655929800995
D130,MLP,0,9,9000,1000,0.793,0.5558608058608059,0.18823529411764706,0.5532112332112332,0.08613783130889838,0.1480016969420232
D130,MLP,1,0,9000,1000,0.791,0.479760480519,0.07929515418502203,0.5138321883595012,-0.033418827515240467,0.150364617280341
D130,MLP,1,1,9000,1000,0.833,0.5433651130379012,0.1691542288557214,0.542680595468617,0.07830854884649911,0.11956737689630058
D130,MLP,1,2,9000,1000,0.801,0.5055254751538623,0.11555555555555555,0.5201716844065665,0.009179678949421786,0.14279674529065142
D130,MLP,1,3,9000,1000,0.792,0.4902319902319902,0.09565217391304348,0.5242002442002442,-0.016112568930964327,0.1549887741729396
D130,MLP,1,4,9000,1000,0.792,0.4902319902319902,0.09565217391304348,0.487045177045177,-0.016112568930964327,0.13994713226792532
D130,MLP,1,5,9000,1000,0.803,0.5213064713064713,0.13973799126637554,0.5247496947496948,0.03525124826762526,0.13713268583848034
D130,MLP,1,6,9000,1000,0.836,0.5244200244200244,0.1368421052631579,0.5335286935286935,0.04659043718764082,0.12617069982498688
D130,MLP,1,7,9000,1000,0.797,0.518009768009768,0.13617021276595745,0.5062637362637363,0.029276085485394125,0.14805738355499898
D130,MLP,1,8,9000,1000,0.81,0.5001221001221001,0.10377358490566038,0.48532356532356535,0.00021353096929893156,0.14303839023140116
D130,MLP,1,9,9000,1000,0.81,0.5551892551892552,0.18803418803418803,0.6032967032967034,0.08997220232699876,0.1340897692839453
D130,MLP,2,0,9000,1000,0.818,0.49964849097793507,0.09900990099009901,0.48093834408416486,-0.0006322948320607581,0.13693169140189348
D130,MLP,2,1,9000,1000,0.821,0.5063641633468593,0.10945273631840796,0.5396095166442605,0.011492380888735365,0.13902918487663782
D130,MLP,2,2,9000,1000,0.813,0.5171807743065405,0.13023255813953488,0.5087137236522404,0.029483968015635274,0.13019657199921283
D130,MLP,2,3,9000,1000,0.829,0.5456043956043957,0.17391304347826086,0.5683882783882783,0.08120922543840702,0.13135309478813487
D130,MLP,2,4,9000,1000,0.818,0.5245421245421246,0.14150943396226415,0.5349572649572649,0.042919724829085244,0.13444544971308284
D130,MLP,2,5,9000,1000,0.81,0.5101343101343101,0.12037037037037036,0.5237606837606837,0.017479344754925612,0.1439205723744033
D130,MLP,2,6,9000,1000,0.809,0.5496336996336997,0.18025751072961374,0.5190720390720391,0.0811503066026428,0.13423405009389291
D130,MLP,2,7,9000,1000,0.8,0.5046398046398046,0.11504424778761062,0.5665323565323566,0.007747209779376353,0.14443919775817882
D130,MLP,2,8,9000,1000,0.803,0.5112942612942613,0.12444444444444444,0.5815628815628816,0.01891711219261886,0.14790356408174848
D130,MLP,2,9,9000,1000,0.814,0.5023199023199023,0.10576923076923077,0.4714774114774115,0.004115914546857474,0.1455477331213223
D130,MLP,3,0,9000,1000,0.804,0.48689549698442264,0.08411214953271028,0.49081759765167304,-0.022565538897800566,0.14782448150804
D130,MLP,3,1,9000,1000,0.784,0.521540719545135,0.14285714285714285,0.5648564979834483,0.033211451948235424,0.15568674722818054
D130,MLP,3,2,9000,1000,0.794,0.5118218034262879,0.1271186440677966,0.48308439916624524,0.01901230348422441,0.14850627720703277
D130,MLP,3,3,9000,1000,0.82,0.5556776556776557,0.1891891891891892,0.5609035409035409,0.09414690754371983,0.1382150756954769
D130,MLP,3,4,9000,1000,0.824,0.5478632478632478,0.17757009345794392,0.5684126984126984,0.08312108741157315,0.13520155709087794
D130,MLP,3,5,9000,1000,0.806,0.5129426129426129,0.12612612612612611,0.5516483516483517,0.021885026753583996,0.14130624061966654
D130,MLP,3,6,9000,1000,0.811,0.5206959706959707,0.136986301369863,0.5273748473748474,0.035338964091551135,0.1388251287548062
D130,MLP,3,7,9000,1000,0.811,0.5257020757020757,0.14479638009049775,0.5112942612942613,0.043600815159748084,0.1368337409406976
D130,MLP,3,8,9000,1000,0.809,0.5145909645909645,0.1278538812785388,0.5089133089133089,0.02491449090820272,0.14271182383290457
D130,MLP,3,9,9000,1000,0.806,0.4879120879120879,0.08490566037735849,0.4754090354090354,-0.021139565960594225,0.13827946571205194
D130,MLP,4,0,9000,1000,0.812,0.5014245365631051,0.10476190476190476,0.5210473735492545,0.002487543393115306,0.13824682808629765
D130,MLP,4,1,9000,1000,0.772,0.45919411931572907,0.05785123966942149,0.4987728018352471,-0.06455345959723517,0.1646162478949028
D130,MLP,4,2,9000,1000,0.812,0.5369084473168144,0.16071428571428573,0.5520295020905537,0.06150848426297443,0.14149793467276903
D130,MLP,4,3,9000,1000,0.817,0.534004884004884,0.15668202764976957,0.5745299145299145,0.05845265766009205,0.13496342762009345
D130,MLP,4,4,9000,1000,0.825,0.5333943833943834,0.15458937198067632,0.5466544566544567,0.05946646093013204,0.13537089497222193
D130,MLP,4,5,9000,1000,0.831,0.5116605616605616,0.11518324607329843,0.5157387057387057,0.022148834784594985,0.11483881677221759
D130,MLP,4,6,9000,1000,0.797,0.5230158730158729,0.14345991561181434,0.49471306471306475,0.03720199382795234,0.1454990083800453
D130,MLP,4,7,9000,1000,0.791,0.5047008547008547,0.11814345991561181,0.5358485958485959,0.007598285211544643,0.1507334056968392
D130,MLP,4,8,9000,1000,0.811,0.5257020757020757,0.14479638009049775,0.5174481074481074,0.043600815159748084,0.14084029301930798
D130,MLP,4,9,9000,1000,0.804,0.5018315018315018,0.10909090909090909,0.507045177045177,0.003117080378742722,0.13568423528843931
D130,NB,0,0,9000,1000,0.635,0.601974617348512,0.21505376344086022,0.6143884359698565,0.11989195844893476,0.11979966828871472
D130,NB,0,1,9000,1000,0.704,0.5739463979575476,0.2,0.5894251285783001,0.09368792192029302,0.1279261632159459
D130,NB,0,2,9000,1000,0.7,0.6021657889219156,0.22279792746113988,0.6531037629965836,0.12733089545552448,0.1260275289881051
D130,NB,0,3,9000,1000,0.663,0.5595238095238095,0.18795180722891566,0.5705860805860806,0.0727392967453308,0.12918068864150417
D130,NB,0,4,9000,1000,0.684,0.5860805860805861,0.21,0.6152503052503053,0.10652996135832275,0.12661625058447576
D130,NB,0,5,9000,1000,0.677,0.5772283272283272,0.20246913580246914,0.6084859584859585,0.09515859299734099,0.1289753750172423
D130,NB,0,6,9000,1000,0.683,0.5254578754578755,0.15915119363395225,0.5428083028083028,0.03221131024648647,0.14053844402538795
D130,NB,0,7,9000,1000,0.695,0.547069597069597,0.1778975741239892,0.6118315018315018,0.059936975216392116,0.12866422669799488
D130,NB,0,8,9000,1000,0.687,0.5326617826617827,0.16533333333333333,0.5452625152625152,0.041412970235157866,0.13002382259408943
D130,NB,0,9,9000,1000,0.708,0.5992673992673992,0.22340425531914893,0.6331623931623932,0.12573218646101428,0.13253125949066902
D130,NB,1,0,9000,1000,0.691,0.5820187718151433,0.20565552699228792,0.5832336363299991,0.10192666201695288,0.1296772839244201
D130,NB,1,1,9000,1000,0.686,0.5437906239593483,0.1736842105263158,0.5744767449031192,0.05490295360616746,0.13089168000561802
D130,NB,1,2,9000,1000,0.684,0.5528311893338596,0.18134715025906736,0.5712206613303075,0.06584437625203587,0.13324969310165308
D130,NB,1,3,9000,1000,0.689,0.5137362637362637,0.14794520547945206,0.5452747252747252,0.017607804882875475,0.13853678192242772
D130,NB,1,4,9000,1000,0.697,0.5581807081807082,0.1876675603217158,0.6167277167277168,0.07392616106406674,0.12418582010693441
D130,NB,1,5,9000,1000,0.647,0.6057997557997559,0.22075055187637968,0.6284249084249084,0.1259312699896686,0.12361552159545854
D130,NB,1,6,9000,1000,0.691,0.5498778998778999,0.18037135278514588,0.5957081807081807,0.06310944957165335,0.1270818389319923
D130,NB,1,7,9000,1000,0.695,0.5620879120879121,0.1909814323607427,0.6017948717948719,0.07855851923423678,0.1339782380519398
D130,NB,1,8,9000,1000,0.643,0.5184981684981684,0.15602836879432624,0.5859340659340659,0.022465476984073675,0.1336130891792044
D130,NB,1,9,9000,1000,0.651,0.5729548229548229,0.19770114942528735,0.581959706959707,0.08784069370391538,0.1270348154056681
D130,NB,2,0,9000,1000,0.684,0.5376237990108412,0.16842105263157894,0.5613414077627992,0.04717123221394559,0.1291163894775994
D130,NB,2,1,9000,1000,0.689,0.5555754264359452,0.1837270341207349,0.5959927971484601,0.06960796490320273,0.12886520051092412
D130,NB,2,2,9000,1000,0.684,0.5528311893338596,0.18134715025906736,0.5740327335068267,0.06584437625203587,0.13887827316020337
D130,NB,2,3,9000,1000,0.652,0.5785103785103785,0.2018348623853211,0.591062271062271,0.09446525345658766,0.13181036013258596
D130,NB,2,4,9000,1000,0.698,0.5887667887667888,0.21354166666666666,0.6004578754578754,0.11151837691860522,0.11949076620175836
D130,NB,2,5,9000,1000,0.678,0.5777777777777777,0.20297029702970298,0.6290170940170942,0.09591810614077723,0.12734675131035922
D130,NB,2,6,9000,1000,0.652,0.5434676434676435,0.17535545023696683,0.5694566544566544,0.05283001933920621,0.13713826815521146
D130,NB,2,7,9000,1000,0.705,0.5826007326007325,0.20911528150134048,0.5918559218559217,0.10495497997868028,0.13638834996349766
D130,NB,2,8,9000,1000,0.704,0.572039072039072,0.2,0.6019169719169719,0.09183215851708618,0.12197736602061798
D130,NB,2,9,9000,1000,0.686,0.5471306471306472,0.17801047120418848,0.5568009768009767,0.0593290364191391,0.13076303926787794
D130,NB,3,0,9000,1000,0.707,0.5350398993574168,0.16524216524216523,0.6167934976997742,0.04538038865267236,0.12676115381044506
D130,NB,3,1,9000,1000,0.68,0.6063962308365916,0.22330097087378642,0.6256737256256244,0.12957309574412282,0.12597016091414262
D130,NB,3,2,9000,1000,0.658,0.5486994166183599,0.1778846153846154,0.5714611675032992,0.05911892627661039,0.13221661669231377
D130,NB,3,3,9000,1000,0.701,0.5703907203907204,0.19839142091152814,0.5978510378510379,0.08944057052137351,0.1279969094938078
D130,NB,3,4,9000,1000,0.681,0.5844322344322344,0.20843672456575682,0.6019536019536019,0.10421487019461605,0.14196808596850094
D130,NB,3,5,9000,1000,0.668,0.5372405372405372,0.17,0.5808669108669109,0.04608743009118928,0.13384379817562808
D130,NB,3,6,9000,1000,0.713,0.6020146520146521,0.22641509433962265,0.603919413919414,0.12990231593591597,0.12582245513234408
D130,NB,3,7,9000,1000,0.657,0.5261904761904762,0.16136919315403422,0.5778266178266178,0.032162251510544575,0.12877383756238445
D130,NB,3,8,9000,1000,0.627,0.5647741147741148,0.19088937093275488,0.6088461538461538,0.07674695535322683,0.13852079875452603
D130,NB,3,9,9000,1000,0.74,0.5667887667887668,0.19753086419753085,0.5922710622710622,0.09029278685911675,0.11684869171242625
D130,NB,4,0,9000,1000,0.655,0.5267763539264174,0.16058394160583941,0.5464916932867944,0.03263569340630333,0.13476611280650388
D130,NB,4,1,9000,1000,0.722,0.5888947816327286,0.21468926553672316,0.6109905154232291,0.11470803717565696,0.1355580376107539
D130,NB,4,2,9000,1000,0.658,0.5436302865106871,0.17391304347826086,0.549710775909915,0.05304918125046422,0.13753163476288371
D130,NB,4,3,9000,1000,0.655,0.5200854700854701,0.15647921760391198,0.5476251526251527,0.024665223186408312,0.14778014225172248
D130,NB,4,4,9000,1000,0.692,0.5304029304029304,0.16304347826086957,0.5857142857142857,0.038841535933520674,0.12876983687457508
D130,NB,4,5,9000,1000,0.686,0.5871794871794872,0.21105527638190955,0.6369352869352869,0.10808311458705411,0.1155194237926474
D130,NB,4,6,9000,1000,0.684,0.5860805860805861,0.21,0.6121123321123323,0.10652996135832275,0.13501763971183442
D130,NB,4,7,9000,1000,0.679,0.5182539682539683,0.15303430079155672,0.5486935286935287,0.023048651200620444,0.146296607012883
D130,NB,4,8,9000,1000,0.67,0.5934065934065934,0.21428571428571427,0.6352503052503053,0.11369859777642977,0.10927574242433294
D130,NB,4,9,9000,1000,0.671,0.5789377289377289,0.2033898305084746,0.6026129426129426,0.09661865299458089,0.12134120875959556
